score,osd_id,organism,project_type,material,factors,n_samples,n_groups,n_contrasts,groups,assay,title,dge_url
6,OSD-4,Mus musculus,Spaceflight Study,thymus,Spaceflight,10,2,1,Space Flight | Ground Control,DNA microarray,Microarray Analysis of Space-flown Murine Thymus Tissue,https://osdr.nasa.gov/geode-py/ws/studies/OSD-4/download?source=datamanager&file=GLDS-4_array_differential_expression.csv
6,OSD-98,Not Applicable | Mus musculus,Spaceflight Study,Adrenal glands- both sides | Not Applicable,Spaceflight,11,2,1,Ground Control | Space Flight,mass spectrometry     Whole Genome Bisulfite Sequencing     RNA Sequencing (RNA-Seq),"Rodent Research-1 (RR1) NASA Validation Flight: Mouse adrenal gland transcriptomic, proteomic, and epigenomic data",https://osdr.nasa.gov/geode-py/ws/studies/OSD-98/download?source=datamanager&file=GLDS-98_rna_seq_differential_expression_GLbulkRNAseq.csv
6,OSD-99,Mus musculus,Spaceflight Study,Extensor digitorum longus- both sides,Spaceflight,12,2,1,Ground Control | Space Flight,Whole Genome Bisulfite Sequencing     RNA Sequencing (RNA-Seq),Rodent Research-1 (RR1) NASA Validation Flight: Mouse extensor digitorum longus muscle transcriptomic and epigenomic data,https://osdr.nasa.gov/geode-py/ws/studies/OSD-99/download?source=datamanager&file=GLDS-99_rna_seq_differential_expression_GLbulkRNAseq.csv
6,OSD-100,Mus musculus,Spaceflight Study,left eye,Spaceflight,12,2,1,Ground Control | Space Flight,Whole Genome Bisulfite Sequencing     RNA Sequencing (RNA-Seq),Rodent Research-1 (RR1) NASA Validation Flight: Mouse eye transcriptomic and epigenomic data,https://osdr.nasa.gov/geode-py/ws/studies/OSD-100/download?source=datamanager&file=GLDS-100_rna_seq_differential_expression_GLbulkRNAseq.csv
6,OSD-101,Mus musculus,Spaceflight Study,Not Applicable | Left gastrocnemius,Spaceflight,12,2,1,Ground Control | Space Flight,Whole Transcriptome Bisulfite Sequencing     mass spectrometry     RNA Sequencing (RNA-Seq)     Whole Genome Bisulfite Sequencing,"Rodent Research-1 (RR1) NASA Validation Flight: Mouse left gastrocnemius muscle transcriptomic, proteomic, and epigenomic data",https://osdr.nasa.gov/geode-py/ws/studies/OSD-101/download?source=datamanager&file=GLDS-101_rna_seq_differential_expression_GLbulkRNAseq.csv
6,OSD-102,Not Applicable | Mus musculus,Spaceflight Study,Not Applicable | Left kidney,Spaceflight,12,2,1,Ground Control | Space Flight,mass spectrometry     Whole Genome Bisulfite Sequencing     RNA Sequencing (RNA-Seq)     Whole Transcriptome Bisulfite Sequencing,"Rodent Research-1 (RR1) NASA Validation Flight: Mouse kidney transcriptomic, proteomic, and epigenomic data",https://osdr.nasa.gov/geode-py/ws/studies/OSD-102/download?source=datamanager&file=GLDS-102_rna_seq_differential_expression_GLbulkRNAseq.csv
6,OSD-103,Not Applicable | Mus musculus,Spaceflight Study,Not Applicable | Left quadriceps femoris,Spaceflight,12,2,1,Ground Control | Space Flight,mass spectrometry     Whole Transcriptome Bisulfite Sequencing     Whole Genome Bisulfite Sequencing     RNA Sequencing (RNA-Seq),"Rodent Research-1 (RR1) NASA Validation Flight: Mouse quadriceps muscle transcriptomic, proteomic, and epigenomic data",https://osdr.nasa.gov/geode-py/ws/studies/OSD-103/download?source=datamanager&file=GLDS-103_rna_seq_differential_expression_GLbulkRNAseq.csv
6,OSD-104,Mus musculus,Spaceflight Study,Soleus-both sides,Spaceflight,12,2,1,Ground Control | Space Flight,RNA Sequencing (RNA-Seq)     Whole Genome Bisulfite Sequencing,Rodent Research-1 (RR1) NASA Validation Flight: Mouse soleus muscle transcriptomic and epigenomic data,https://osdr.nasa.gov/geode-py/ws/studies/OSD-104/download?source=datamanager&file=GLDS-104_rna_seq_differential_expression_GLbulkRNAseq.csv
6,OSD-105,Not Applicable | Mus musculus,Spaceflight Study,Not Applicable | Left tibialis anterior,Spaceflight,12,2,1,Ground Control | Space Flight,RNA Sequencing (RNA-Seq)     mass spectrometry     Whole Genome Bisulfite Sequencing     Whole Transcriptome Bisulfite Sequencing,"Rodent Research-1 (RR1) NASA Validation Flight: Mouse tibialis anterior muscle transcriptomic, proteomic, and epigenomic data",https://osdr.nasa.gov/geode-py/ws/studies/OSD-105/download?source=datamanager&file=GLDS-105_rna_seq_differential_expression_GLbulkRNAseq.csv
6,OSD-138,Not Applicable | Bacillus subtilis,Spaceflight Study,Cells | Not Applicable,Spaceflight     Freezing,18,2,1,Ground Control & Frozen | Space Flight & Frozen,mass spectrometry     mass spectrometry     RNA Sequencing (RNA-Seq)     mass spectrometry,"BRIC-23 GeneLab Process Verification Test: Bacillus subtilis transcriptomic, proteomic, and metabolomic data",https://osdr.nasa.gov/geode-py/ws/studies/OSD-138/download?source=datamanager&file=GLDS-138_rna_seq_differential_expression_GLbulkRNAseq.csv
6,OSD-240,Mus musculus,Spaceflight Study,dorsal skin,Spaceflight,20,2,1,Ground Control | Space Flight,RNA Sequencing (RNA-Seq),Transcriptional analysis of dorsal skin from mice flown on the RR-5 mission,https://osdr.nasa.gov/geode-py/ws/studies/OSD-240/download?source=datamanager&file=GLDS-240_rna_seq_differential_expression_GLbulkRNAseq.csv
6,OSD-241,Mus musculus,Spaceflight Study,femoral lateral skin,Spaceflight,19,2,1,Ground Control | Space Flight,RNA Sequencing (RNA-Seq),Transcriptional analysis of femoral skin from mice flown on the RR-5 mission,https://osdr.nasa.gov/geode-py/ws/studies/OSD-241/download?source=datamanager&file=GLDS-241_rna_seq_differential_expression_GLbulkRNAseq.csv
6,OSD-255,Mus musculus,Spaceflight Study,Right retina,Spaceflight,16,2,1,Ground Control | Space Flight,RNA Sequencing (RNA-Seq),"Spaceflight influences gene expression, photoreceptor integrity, and oxidative stress-related damage in the murine retina",https://osdr.nasa.gov/geode-py/ws/studies/OSD-255/download?source=datamanager&file=GLDS-255_rna_seq_differential_expression_GLbulkRNAseq.csv
6,OSD-397,Mus musculus,Spaceflight Study,Right retina | Left retina,Spaceflight,16,2,1,Ground Control | Space Flight,RNA Sequencing (RNA-Seq)     Reduced-Representation Bisulfite Sequencing,Illumina NGS RNA-seq and RRBS Sequencing on Spaceflight Mouse Retina,https://osdr.nasa.gov/geode-py/ws/studies/OSD-397/download?source=datamanager&file=GLDS-397_rna_seq_differential_expression_GLbulkRNAseq.csv
6,OSD-419,Mus musculus,Spaceflight Study,Right gastrocnemius,Spaceflight,12,2,1,Ground Control | Space Flight,RNA Sequencing (RNA-Seq),Transcriptional profiling of the right gastrocnemius muscle from mice flown on the RR-1 mission,https://osdr.nasa.gov/geode-py/ws/studies/OSD-419/download?source=datamanager&file=GLDS-419_rna_seq_differential_expression_GLbulkRNAseq.csv
6,OSD-420,Mus musculus,Spaceflight Study,Spleen-distal,Spaceflight,20,2,1,Ground Control | Space Flight,RNA Sequencing (RNA-Seq),Transcriptional profiling of spleens from mice flown on the RR-9 mission,https://osdr.nasa.gov/geode-py/ws/studies/OSD-420/download?source=datamanager&file=GLDS-420_rna_seq_differential_expression_GLbulkRNAseq.csv
6,OSD-421,Mus musculus,Spaceflight Study,thymus,Spaceflight,20,2,1,Ground Control | Space Flight,RNA Sequencing (RNA-Seq),Transcriptional profiling of thymus from mice flown on the RR-9 mission,https://osdr.nasa.gov/geode-py/ws/studies/OSD-421/download?source=datamanager&file=GLDS-421_rna_seq_differential_expression_GLbulkRNAseq.csv
6,OSD-422,Rattus norvegicus,Spaceflight Study,right lateral gastrocnemius,Spaceflight,12,2,1,Ground Control | Space Flight,RNA Sequencing (RNA-Seq),Transcriptional profiling of gastrocnemius muscle from rats flown on the SLS-1 mission,https://osdr.nasa.gov/geode-py/ws/studies/OSD-422/download?source=datamanager&file=GLDS-422_rna_seq_differential_expression_GLbulkRNAseq.csv
6,OSD-423,Rattus norvegicus,Spaceflight Study,thymus,Spaceflight,13,2,1,Ground Control | Space Flight,RNA Sequencing (RNA-Seq),Transcriptional profiling of thymus tissue from rats flown on the SLS-2 mission,https://osdr.nasa.gov/geode-py/ws/studies/OSD-423/download?source=datamanager&file=GLDS-423_rna_seq_differential_expression.csv
6,OSD-563,Mus musculus,Spaceflight Study,right hemisphere of cerebellum,Spaceflight,10,2,1,Ground Control | Space Flight,spatial transcriptomics     RNA Sequencing (RNA-Seq),Bulk RNA sequencing and spatially resolved transcriptional profiling of cerebellums from mice flown on the RR-10 mission,https://osdr.nasa.gov/geode-py/ws/studies/OSD-563/download?source=datamanager&file=GLDS-568_rna_seq_differential_expression_GLbulkRNAseq.csv
6,OSD-564,Mus musculus,Spaceflight Study,Right hippocampus,Spaceflight,10,2,1,Ground Control | Space Flight,spatial transcriptomics     RNA Sequencing (RNA-Seq),Bulk RNA sequencing and spatially resolved transcriptional profiling of hippocampi from mice flown on the RR-10 mission,https://osdr.nasa.gov/geode-py/ws/studies/OSD-564/download?source=datamanager&file=GLDS-569_rna_seq_differential_expression_GLbulkRNAseq.csv
6,OSD-609,Leptopilina heterotoma,Spaceflight Study,Whole Organism,Spaceflight,17,2,1,ground | space,RNA Sequencing (RNA-Seq),Drosophila parasitoids go to space: Unexpected and differential effects of spaceflight on hosts and their parasitoids - Wasp Leptopilina heterotoma 14 data,https://osdr.nasa.gov/geode-py/ws/studies/OSD-609/download?source=datamanager&file=GLDS-586_rna-seq_differential_expression.csv
6,OSD-610,Leptopilina boulardi,Spaceflight Study,Whole Organism,Spaceflight,17,2,1,ground | space,RNA Sequencing (RNA-Seq),Drosophila parasitoids go to space: Unexpected and differential effects of spaceflight on hosts and their parasitoids - Wasp Leptopilina boulardi 17 data,https://osdr.nasa.gov/geode-py/ws/studies/OSD-610/download?source=datamanager&file=GLDS-587_rna-seq_differential_expression.csv
5,OSD-42,Caenorhabditis elegans,Spaceflight Study,,Spaceflight,8,2,1,Ground Control | Space Flight,DNA microarray,Expression data from C. elegans,https://osdr.nasa.gov/geode-py/ws/studies/OSD-42/download?source=datamanager&file=GLDS-42_array_differential_expression_GLmicroarray.csv
5,OSD-50,,Spaceflight Study,,Spaceflight,6,2,1,Space Flight | Ground Control,DNA microarray,Evaluation of in vitro macrophage differentiation during space flight,https://osdr.nasa.gov/geode-py/ws/studies/OSD-50/download?source=datamanager&file=GLDS-50_array_differential_expression_GLmicroarray.csv
5,OSD-52,Homo sapiens,Spaceflight Study,Cells,Spaceflight,8,2,1,Ground Control | Space Flight,DNA microarray,Expression data from SPHINX (SPaceflight of Huvec: an INtegrated eXperiment),https://osdr.nasa.gov/geode-py/ws/studies/OSD-52/download?source=datamanager&file=GLDS-52_array_differential_expression_GLmicroarray.csv
5,OSD-87,Mus musculus,Spaceflight study,Retina,Spaceflight,8,2,1,Ground Control | Space Flight,DNA microarray,"Spaceflight effects on the mouse retina: Histological, gene expression and epigenetic changes after flight on STS-135",https://osdr.nasa.gov/geode-py/ws/studies/OSD-87/download?source=datamanager&file=GLDS-87_array_differential_expression_GLmicroarray.csv
5,OSD-113,Caenorhabditis elegans,Spaceflight Study,Whole Organism,Spaceflight,9,2,1,Ground control | Space Flight,DNA microarray,Expression Data from International C. elegans Experiment 1st (ICE-FIRST),https://osdr.nasa.gov/geode-py/ws/studies/OSD-113/download?source=datamanager&file=GLDS-113_array_differential_expression.csv
5,OSD-121,Arabidopsis thaliana,Spaceflight Study,,Spaceflight,9,2,1,Space Flight | Ground Control,DNA microarray     Image analysis     ELISA,"Biological Research in Canisters-16 (BRIC-16): Transcriptomics, Glycomics, and Morphometric photography.",https://osdr.nasa.gov/geode-py/ws/studies/OSD-121/download?source=datamanager&file=GLDS-121_array_differential_expression_GLmicroarray.csv
5,OSD-185,Bacillus subtilis,Spaceflight Study,Cells,Spaceflight,6,2,1,Ground Control | Space Flight,RNA Sequencing (RNA-Seq),BRIC-21 Bacillus subtilis transcriptome profile data,https://osdr.nasa.gov/geode-py/ws/studies/OSD-185/download?source=datamanager&file=GLDS-185_rna_seq_differential_expression_GLbulkRNAseq.csv
5,OSD-270,Mus musculus,Spaceflight Study,Heart,Spaceflight,5,2,1,Ground Control | Space Flight,spatial transcriptomics     RNA Sequencing (RNA-Seq),Bulk and spatially resolved transcriptional analysis of hearts from mice flown on the RR-3,https://osdr.nasa.gov/geode-py/ws/studies/OSD-270/download?source=datamanager&file=GLDS-270_rna_seq_differential_expression_GLbulkRNAseq.csv
5,OSD-326,Mus musculus,Spaceflight Study,Quadriceps femoris,Spaceflight,8,2,1,Ground Control | Space Flight,RNA Sequencing (RNA-Seq),Gene-metabolite network linked to inhibited bioenergetics in association with spaceflight induced loss of quadriceps muscle,https://osdr.nasa.gov/geode-py/ws/studies/OSD-326/download?source=datamanager&file=GLDS-326_rna_seq_differential_expression_GLbulkRNAseq.csv
5,OSD-352,Mus musculus,Spaceflight Study,Brain,Spaceflight,6,2,1,Ground Control | Space Flight,spatial transcriptomics     RNA Sequencing (RNA-Seq)     single-cell RNA sequencing     single-cell ATAC-seq,Multi-modal transcriptional and chromatin accessibility analysis of brains from mice flown on the RR-3 mission,https://osdr.nasa.gov/geode-py/ws/studies/OSD-352/download?source=datamanager&file=GLDS-352_rna_seq_differential_expression_GLbulkRNAseq.csv
5,OSD-599,Mus musculus,Spaceflight Study,Heart,Spaceflight,6,2,1,Ground Control | Space Flight,RNA Sequencing (RNA-Seq),Transcriptomic Effects on the Mouse Heart Following 30 Days on the International Space Station,https://osdr.nasa.gov/geode-py/ws/studies/OSD-599/download?source=datamanager&file=GLDS-596_rna_seq_differential_expression_GLbulkRNAseq.csv
5,OSD-612,Mus musculus,Spaceflight Study,Left cerebral hemisphere,Spaceflight,9,2,1,Ground Control | Space Flight,single-cell RNA sequencing     single-cell ATAC-seq     RNA Sequencing (RNA-Seq),Bulk RNA sequencing and single nuclei transcriptomics and epigenomics of brain tissue from mice flown on the RR-10 mission,https://osdr.nasa.gov/geode-py/ws/studies/OSD-612/download?source=datamanager&file=GLDS-588_rna_seq_differential_expression_GLbulkRNAseq.csv
5,OSD-635,Homo sapiens,Spaceflight Study,Cells,Spaceflight,6,2,1,Ground Control | Space Flight,RNA Sequencing (RNA-Seq),Spaceflight effects on human vascular smooth muscle cell phenotype and function,https://osdr.nasa.gov/geode-py/ws/studies/OSD-635/download?source=datamanager&file=GLDS-608_rna_seq_differential_expression_GLbulkRNAseq.csv
5,OSD-811,Homo sapiens,Spaceflight Study,"Cells, Cultured",Spaceflight     Altered Gravity,6,2,1,Space Flight & 1G by centrifugation | Space Flight & uG,RNA Sequencing (RNA-Seq),Space microgravity increases expression of genes associated with proliferation and differentiation in human cardiac spheres,https://osdr.nasa.gov/geode-py/ws/studies/OSD-811/download?source=datamanager&file=GLDS-693_rna_seq_differential_expression_GLbulkRNAseq.csv
5,OSD-901,Mus musculus,Spaceflight Study,"Cells, Cultured",Spaceflight,6,2,1,Ground Control | Space Flight,RNA Sequencing (RNA-Seq),Expression data from cultured mouse spermatogonia cryopreserved on the International Space Station (ISS) or on Earth,https://osdr.nasa.gov/geode-py/ws/studies/OSD-901/download?source=datamanager&file=GLDS-730_rna_seq_differential_expression_GLbulkRNAseq.csv
4,OSD-43,Escherichia coli,Ground Study,,Microgravity Simulation,10,2,1,1G on Earth | uG with clinorotation,DNA microarray,Effect of simulated microgravity on E. coli K12 MG1655 growth and gene expression,https://osdr.nasa.gov/geode-py/ws/studies/OSD-43/download?source=datamanager&file=GLDS-43_array_differential_expression_GLmicroarray.csv
4,OSD-271,Rattus norvegicus,Ground study,mammary gland,Ionizing Radiation,22,2,1,non-irradiated | Cesium-137 gamma radiation,DNA microarray,Global gene expression profiling of radiation-induced rat mammary carcinomas,https://osdr.nasa.gov/geode-py/ws/studies/OSD-271/download?source=datamanager&file=GLDS-271_array_differential_expression.csv
4,OSD-467,Mus musculus,Ground Study,Cortical Bone,Hindlimb Unloading,16,2,1,Hindlimb Unloaded | Normal Loading Control,RNA Sequencing (RNA-Seq),Transcriptomic profiling of cortical bone from hindlimb unloaded mice,https://osdr.nasa.gov/geode-py/ws/studies/OSD-467/download?source=datamanager&file=GLDS-467_rna_seq_differential_expression_GLbulkRNAseq.csv
4,OSD-542,Homo sapiens,Ground Study,Whole Blood,Time,33,2,1,pre-confinement | post-confinement for 14 days,DNA microarray,Effects of 14 days of confinement on blood gene expression profiles in men,https://osdr.nasa.gov/geode-py/ws/studies/OSD-542/download?source=datamanager&file=GLDS-542_array_differential_expression.csv
4,OSD-577,Homo sapiens,Ground Study,"Cells, Cultured",Ionizing Radiation     Treatment     Tissue Model,30,2,1,DEV | MAT,RNA Sequencing (RNA-Seq),3D Human Umbilical Vein Endothelial Cells (HUVECs) irradiated with GCR simulated irradiation with miRNA based countermeasures,https://osdr.nasa.gov/geode-py/ws/studies/OSD-577/download?source=datamanager&file=GLDS-571_rna-seq_NOmiR_DEV_v_MAT_differential_expression.csv
4,OSD-783,Homo sapiens,Ground Study,Soleus,Treatment,20,2,1,6-day dry immersion + NMES | before treatment,RNA Sequencing (RNA-Seq),Multidirectional effect of low-intensity electrical myostimulation on gene expression and phenotype in thigh and calf muscles after one week of disuse - soleus data,https://osdr.nasa.gov/geode-py/ws/studies/OSD-783/download?source=datamanager&file=GLDS-680_rna_seq_differential_expression_GLbulkRNAseq.csv
4,OSD-784,Homo sapiens,Ground Study,Vastus Lateralis,Treatment,20,2,1,6-day dry immersion + NMES | before treatment,RNA Sequencing (RNA-Seq),Multidirectional effect of low-intensity electrical myostimulation on gene expression and phenotype in thigh and calf muscles after one week of disuse - vastus lateralis data,https://osdr.nasa.gov/geode-py/ws/studies/OSD-784/download?source=datamanager&file=GLDS-681_rna_seq_differential_expression_GLbulkRNAseq.csv
4,OSD-813,Mus musculus,Ground Study,Placenta,Ionizing Radiation,30,2,1,neutron | non-irradiated,RNA Sequencing (RNA-Seq),Impact of near continuous low dose rate neutron irradiation on pregnancy outcomes in mice.,https://osdr.nasa.gov/geode-py/ws/studies/OSD-813/download?source=datamanager&file=GLDS-695_rna_seq_differential_expression_GLbulkRNAseq.csv
4,OSD-935,Mus musculus,Ground Study,Soleus,Hindlimb Unloading     Ionizing Radiation     Treatment,20,2,1,Hindlimb Unloaded & x-ray radiation & corticosterone | Normally Loaded Control & sham irradiation & Non-treated,RNA Sequencing (RNA-Seq),Long non‐coding RNAs Kcnq1ot1 and Lncpint are involved in skeletal muscle atrophy induced by the space exposome,https://osdr.nasa.gov/geode-py/ws/studies/OSD-935/download?source=datamanager&file=GLDS-763_rna_seq_differential_expression_GLbulkRNAseq.csv
3,OSD-3,Drosophila melanogaster,Spaceflight Study,Whole Organism,Developmental Stage     Spaceflight,20,4,6,third instar larva stage & Space Flight | adult & Space Flight | third instar larva stage & Ground Control | adult & Ground Control,DNA microarray,Drosophila melanogaster gene expression changes after spaceflight.,https://osdr.nasa.gov/geode-py/ws/studies/OSD-3/download?source=datamanager&file=GLDS-3_array_differential_expression_GLmicroarray.csv
3,OSD-6,Rattus norvegicus,Ground Study,Cells,Ionizing Radiation,8,2,1,non-irradiated | Fe-56 ion radiation,DNA microarray,Transcription profiling of rat keratinocytes exposed to a 56Fe ion beam,https://osdr.nasa.gov/geode-py/ws/studies/OSD-6/download?source=datamanager&file=GLDS-6_array_differential_expression_GLmicroarray.csv
3,OSD-13,Homo sapiens,Spaceflight Study,Primary T Cells,Treatment     Altered Gravity     Spaceflight,11,3,3,Space Flight & uG & Activated | Space Flight & 1G by centrifugation & Activated | Space Flight & uG & Non-activated,DNA microarray,T Cell Activation in Microgravity Compared to 1g (Earth's) Gravity,https://osdr.nasa.gov/geode-py/ws/studies/OSD-13/download?source=datamanager&file=GLDS-13_array_differential_expression_GLmicroarray.csv
3,OSD-15,Pseudomonas aeruginosa,Spaceflight Study,Cells,Spaceflight     Microgravity Simulation,10,3,3,Ground Control & 1G on Earth | Not Applicable & uG by rotating wall vessel | Space Flight & Not Applicable,DNA microarray,Transcriptional and proteomic response of Pseudomonas aeruginosa PAO1 to spaceflight conditions involves Hfq regulation and reveals a role for oxygen,https://osdr.nasa.gov/geode-py/ws/studies/OSD-15/download?source=datamanager&file=GLDS-15_array_differential_expression_GLmicroarray.csv
3,OSD-25,Mus musculus,Spaceflight Study,Liver,Spaceflight,19,3,3,Ground Control | Space Flight | Vivarium Control,DNA microarray,STS-135 Liver Transcriptomics,https://osdr.nasa.gov/geode-py/ws/studies/OSD-25/download?source=datamanager&file=GLDS-25_array_differential_expression_GLmicroarray.csv
3,OSD-30,Mus musculus,Ground Study,Cells,Microgravity Simulation,8,2,1,1G on Earth | uG by RWV,DNA microarray,Transcription profiling of mouse osteoblasts under static vs simulated microgravity,https://osdr.nasa.gov/geode-py/ws/studies/OSD-30/download?source=datamanager&file=GLDS-30_array_differential_expression_GLmicroarray.csv
3,OSD-38,Arabidopsis thaliana,Spaceflight Study,,Spaceflight     Sample Preservation Method,13,4,6,FLT | GC | LN2 | RNAlat,mass spectrometry     RNA Sequencing (RNA-Seq),Proteomics and Transcriptomics analysis of Arabidopsis Seedlings in Microgravity,https://osdr.nasa.gov/geode-py/ws/studies/OSD-38/download?source=datamanager&file=GLDS-38_rna_seq_differential_expression.csv
3,OSD-44,Arabidopsis thaliana,Spaceflight Study,,Genotype     Spaceflight,15,4,6,Wild Type & Ground Control | Wild Type & Space Flight | act2-3 & Ground Control | act2-3 & Space Flight,DNA microarray,Transcriptomics analysis of etiolated Arabidopsis thaliana seedlings in response to microgravity,https://osdr.nasa.gov/geode-py/ws/studies/OSD-44/download?source=datamanager&file=GLDS-44_array_differential_expression_GLmicroarray.csv
3,OSD-48,Mus musculus,Spaceflight Study,Liver,Spaceflight     Dissection Condition,14,4,6,Ground Control & Carcass | Ground Control & Upon euthanasia | Space Flight & Carcass | Space Flight & Upon euthanasia,RNA Sequencing (RNA-Seq)     mass spectrometry     Microscopy     Whole Genome Bisulfite Sequencing     Whole Transcriptome Bisulfite Sequencing,"Rodent Research-1 (RR1) NASA Validation Flight: Mouse liver transcriptomic, proteomic, epigenomic and histology data",https://osdr.nasa.gov/geode-py/ws/studies/OSD-48/download?source=datamanager&file=GLDS-48_rna_seq_differential_expression_GLbulkRNAseq.csv
3,OSD-85,Drosophila melanogaster,Ground Study,Whole Organism,Hypergravity,8,2,1,1G on Earth | 3G by centrifugation,RNA Sequencing (RNA-Seq),Transcriptomic response of Drosophila melanogaster pupae developed in hypergravity,https://osdr.nasa.gov/geode-py/ws/studies/OSD-85/download?source=datamanager&file=GLDS-85_rna_seq_differential_expression_GLbulkRNAseq.csv
3,OSD-91,Homo sapiens,Ground Study,Cells,Microgravity Simulation,4,2,1,1G on Earth | uG by HARV,RNA Sequencing (RNA-Seq),A study of gene expression influenced by simulated microgravity in human lymphoblastoid cells,https://osdr.nasa.gov/geode-py/ws/studies/OSD-91/download?source=datamanager&file=GLDS-91_rna_seq_differential_expression_GLbulkRNAseq.csv
3,OSD-112,Caenorhabditis elegans,Spaceflight Study,Whole Organism,Altered Gravity     Spaceflight,12,3,3,uG & Space Flight | 1G by centrifugation & Space Flight | 1G on Earth & Ground Control,DNA microarray,"Microgravity effect on C. elegans N2/VC (CERISE, 4 days)",https://osdr.nasa.gov/geode-py/ws/studies/OSD-112/download?source=datamanager&file=GLDS-112_array_differential_expression_GLmicroarray.csv
3,OSD-124,Homo sapiens,Ground Study,,Electromagnetic Fields,8,2,1,non EMF treated control | EMF treated,DNA microarray,Effect of electromagnetic fields on the chondrogenic differentiation under microgravity conditions,https://osdr.nasa.gov/geode-py/ws/studies/OSD-124/download?source=datamanager&file=GLDS-124_array_differential_expression_GLmicroarray.csv
3,OSD-127,Homo sapiens,Ground Study,,Microgravity Simulation,6,2,1,1G by random positioning machine | uG by random positioning machine,RNA Sequencing (RNA-Seq),Global gene expression profiles of cardiac progenitors differentiated from human pluripotent stem cells in 3D culture under simulated microgravity,https://osdr.nasa.gov/geode-py/ws/studies/OSD-127/download?source=datamanager&file=GLDS-127_rna_seq_differential_expression_GLbulkRNAseq.csv
3,OSD-137,Mus musculus,Spaceflight Study,Liver,Spaceflight,18,3,3,Basal Control | Ground Control | Space Flight,mass spectrometry     Whole Genome Bisulfite Sequencing     RNA Sequencing (RNA-Seq)     Microscopy,"Rodent Research-3-CASIS: Mouse liver transcriptomic, proteomic, epigenomic and histology data",https://osdr.nasa.gov/geode-py/ws/studies/OSD-137/download?source=datamanager&file=GLDS-137_rna_seq_differential_expression_GLbulkRNAseq.csv
3,OSD-145,Staphylococcus aureus,Spaceflight Study,,Spaceflight     Freezing,27,4,6,Ground Control & Frozen | Laboratory Control & Frozen | Laboratory Control & Not frozen | Space Flight & Frozen,mass spectrometry     mass spectrometry     mass spectrometry     RNA Sequencing (RNA-Seq),"BRIC-23 GeneLab Process Verification Test: Staphylococcus aureus transcriptomic, proteomic, and metabolomic data",https://osdr.nasa.gov/geode-py/ws/studies/OSD-145/download?source=datamanager&file=GLDS-145_rna_seq_differential_expression_GLbulkRNAseq.csv
3,OSD-147,Arabidopsis thaliana,Spaceflight Study,hypocotyl cell culture,Spaceflight     Genotype,21,4,6,ARG1 KO & Space Flight | ARG1 KO & Ground Control | Wild Type & Space Flight | Wild Type & Ground Control,DNA microarray,Arg1 functions in the physiological adaptation of undifferentiated plant cells to spaceflight,https://osdr.nasa.gov/geode-py/ws/studies/OSD-147/download?source=datamanager&file=GLDS-147_array_differential_expression.csv
3,OSD-161,Mus musculus,Spaceflight Study,Adrenal gland | Not applicable,Spaceflight,15,3,3,Basal Control | Ground Control | Space Flight,mass spectrometry     nucleotide sequencing     RNA Sequencing (RNA-Seq),"Rodent Research-3-CASIS: Mouse adrenal gland transcriptomic, proteomic, and epigenomic data",https://osdr.nasa.gov/geode-py/ws/studies/OSD-161/download?source=datamanager&file=GLDS-161_rna_seq_differential_expression_GLbulkRNAseq.csv
3,OSD-162,Mus musculus,Spaceflight Study,eye,Spaceflight,15,3,3,Basal Control | Ground Control | Space Flight,mass spectrometry     RNA Sequencing (RNA-Seq),Rodent Research-3-CASIS: Mouse eye transcriptomic and proteomic data,https://osdr.nasa.gov/geode-py/ws/studies/OSD-162/download?source=datamanager&file=GLDS-162_rna_seq_differential_expression_GLbulkRNAseq.csv
3,OSD-163,Mus musculus,Spaceflight Study,Left kidney,Spaceflight,18,3,3,Basal Control | Ground Control | Space Flight,mass spectrometry     nucleotide sequencing     RNA Sequencing (RNA-Seq),"Rodent Research-3-CASIS: Mouse kidney transcriptomic, proteomic, and epigenomic data",https://osdr.nasa.gov/geode-py/ws/studies/OSD-163/download?source=datamanager&file=GLDS-163_rna_seq_differential_expression_GLbulkRNAseq.csv
3,OSD-194,Mus musculus,Spaceflight Study,Right retina | Left retina,Spaceflight,13,3,3,Basal Control | Ground Control | Space Flight,RNA Sequencing (RNA-Seq),Rodent Research-3-CASIS: Mouse retina transcriptomic data,https://osdr.nasa.gov/geode-py/ws/studies/OSD-194/download?source=datamanager&file=GLDS-194_rna_seq_differential_expression_GLbulkRNAseq.csv
3,OSD-205,Arabidopsis thaliana,Spaceflight Study,,Spaceflight     Genotype,19,4,6,Wild Type & Space Flight | Wild Type & Ground Control | HSFA2 KO & Space Flight | HSFA2 KO & Ground Control,DNA microarray,HSFA2 functions in the physiological adaptation of undifferentiated plant cells to spaceflight microgravity environment,https://osdr.nasa.gov/geode-py/ws/studies/OSD-205/download?source=datamanager&file=GLDS-205_array_differential_expression.csv
3,OSD-208,Arabidopsis thaliana,Ground Study,,Tissue,9,2,1,ROOT ZONE I (0.5mm) | ROOT ZONE II (1.5mm),RNA Sequencing (RNA-Seq)     DNA microarray,Comparing RNA-Seq and microarray gene expression data in two zones of the Arabidopsis root apex relevant to spaceflight.,https://osdr.nasa.gov/geode-py/ws/studies/OSD-208/download?source=datamanager&file=GLDS-208_array_differential_expression.csv
3,OSD-217,Arabidopsis thaliana,Spaceflight Study,leaf | root,Spaceflight     Organism Part,13,4,6,leaf & Ground Control | leaf & Space Flight | root & Ground Control | root & Space Flight,Whole Genome Bisulfite Sequencing     RNA Sequencing (RNA-Seq),Characterization of Epigenetic Regulation in an Extraterrestrial Environment: The Arabidopsis Spaceflight Methylome,https://osdr.nasa.gov/geode-py/ws/studies/OSD-217/download?source=datamanager&file=GLDS-217_rna_seq_differential_expression.csv
3,OSD-258,Homo sapiens,Spaceflight Study,Cells,Spaceflight     Time,19,3,3,"Ground Control & 5.5 weeks plus 10 days | Space Flight & 4.5 weeks microgravity exposure | Space Flight & 5.5 weeks microgravity exposure, followed by 10 days normal gravity",RNA Sequencing (RNA-Seq),Effects of Spaceflight on Human Induced Pluripotent Stem Cell-Derived Cardiomyocyte Structure and Function,https://osdr.nasa.gov/geode-py/ws/studies/OSD-258/download?source=datamanager&file=GLDS-258_rna_seq_differential_expression_GLbulkRNAseq.csv
3,OSD-278,Drosophila melanogaster,Spaceflight Study,Whole Organism,Spaceflight     Infection,12,4,6,Ground Control & Infected with Serratia marcescens | Ground Control & Sham-infected | Ground Control & uninfected | Space Flight & Infected with Serratia marcescens,RNA Sequencing (RNA-Seq),Spaceflight and simulated microgravity conditions increase virulence of Serratia marcescens in the Drosophila melanogaster infection model,https://osdr.nasa.gov/geode-py/ws/studies/OSD-278/download?source=datamanager&file=GLDS-278_rna_seq_differential_expression_GLbulkRNAseq.csv
3,OSD-347,Drosophila melanogaster,Spaceflight Study,Heart,Spaceflight     Genotype,13,4,6,Wild Type & Ground Control | Wild Type & Space Flight | seizure channel mutant & Ground Control | seizure channel mutant & Space Flight,RNA Sequencing (RNA-Seq),Heart Flies - effect of microgravity on heart function in Drosophila,https://osdr.nasa.gov/geode-py/ws/studies/OSD-347/download?source=datamanager&file=GLDS-347_rna_seq_differential_expression_GLbulkRNAseq.csv
3,OSD-369,Homo sapiens,Ground Study,3D cells,Ionizing Radiation,9,2,1,sham-irradiated | He-4 ion radiation,DNA microarray,Bystander responses to 0.5Gy of alpha-particles in a human 3-dimensional skin model in 4h after exposure to ionizing radiation,https://osdr.nasa.gov/geode-py/ws/studies/OSD-369/download?source=datamanager&file=GLDS-369_array_differential_expression_GLmicroarray.csv
3,OSD-374,Mus musculus,Ground Study,Hippocampus,Ionizing Radiation,8,2,1,proton | sham-irradiated,RNA Sequencing (RNA-Seq)     DIP-seq,Bi-directional and shared epigenomic signatures following proton irradiation,https://osdr.nasa.gov/geode-py/ws/studies/OSD-374/download?source=datamanager&file=GLDS-374_rna_seq_differential_expression_GLbulkRNAseq.csv
3,OSD-418,Rattus norvegicus,Ground Study,Gastrocnemius,Partial Weight Bearing,9,2,1,40% of normal loading (PWB40) | normal loading with full harness (PWB100),RNA Sequencing (RNA-Seq),Transcriptional profiling of gastrocnemius from rats exposed to partial weight bearing treatment to mimic Martian gravity,https://osdr.nasa.gov/geode-py/ws/studies/OSD-418/download?source=datamanager&file=GLDS-418_rna_seq_differential_expression.csv
3,OSD-462,Mus musculus,Spaceflight Study,Left kidney,Spaceflight,42,4,6,Basal Control | Ground Control | Space Flight | Vivarium Control,RNA Sequencing (RNA-Seq)     RNA Sequencing (RNA-Seq)     RNA Sequencing (RNA-Seq)     mass spectrometry     mass spectrometry,"Transcriptional profiling, protein expression profiling, and phosphoprotein profiling of kidneys from mice flown on the RR-10 mission",https://osdr.nasa.gov/geode-py/ws/studies/OSD-462/download?source=datamanager&file=GLDS-462_rna_seq_differential_expression_UPX_GLbulkRNAseq.csv
3,OSD-463,Mus musculus,Spaceflight Study,Left Lobe of the Liver,Spaceflight,27,3,3,Ground Control | Space Flight | Vivarium Control,RNA Sequencing (RNA-Seq),Transcriptional profiling of livers from mice flown on the RR-23 mission,https://osdr.nasa.gov/geode-py/ws/studies/OSD-463/download?source=datamanager&file=GLDS-463_rna_seq_differential_expression_GLbulkRNAseq.csv
3,OSD-464,Mus musculus,Spaceflight Study,Left Lung,Spaceflight,26,3,3,Ground Control | Space Flight | Vivarium Control,RNA Sequencing (RNA-Seq),Transcriptional profiling of lungs from mice flown on the RR-23 mission,https://osdr.nasa.gov/geode-py/ws/studies/OSD-464/download?source=datamanager&file=GLDS-464_rna_seq_differential_expression_GLbulkRNAseq.csv
3,OSD-506,Mus musculus,Spaceflight Study,Spleen,Spaceflight,24,3,3,Ground Control | Space Flight | Vivarium Control,RNA Sequencing (RNA-Seq),Transcriptional profiling of spleens from mice flown on the RR-23 mission,https://osdr.nasa.gov/geode-py/ws/studies/OSD-506/download?source=datamanager&file=GLDS-506_rna_seq_differential_expression_GLbulkRNAseq.csv
3,OSD-512,Mus musculus,Spaceflight Study,adrenal gland,Spaceflight,27,3,3,Ground Control | Space Flight | Vivarium Control,RNA Sequencing (RNA-Seq),Transcriptional profiling of adrenal glands from mice flown on the RR-23 mission,https://osdr.nasa.gov/geode-py/ws/studies/OSD-512/download?source=datamanager&file=GLDS-512_rna_seq_differential_expression_GLbulkRNAseq.csv
3,OSD-513,Mus musculus,Spaceflight Study,Left kidney,Spaceflight,27,3,3,Ground Control | Space Flight | Vivarium Control,RNA Sequencing (RNA-Seq),Transcriptional profiling of kidneys from mice flown on the RR-23 mission,https://osdr.nasa.gov/geode-py/ws/studies/OSD-513/download?source=datamanager&file=GLDS-513_rna_seq_differential_expression_GLbulkRNAseq.csv
3,OSD-515,Mus musculus,Spaceflight Study,thymus,Spaceflight,25,3,3,Ground Control | Space Flight | Vivarium Control,RNA Sequencing (RNA-Seq),Transcriptional profiling of thymus from mice flown on the RR-23 mission,https://osdr.nasa.gov/geode-py/ws/studies/OSD-515/download?source=datamanager&file=GLDS-515_rna_seq_differential_expression_GLbulkRNAseq.csv
3,OSD-525,Mus musculus,Spaceflight Study,Cerebellum,Spaceflight,26,3,3,Ground Control | Space Flight | Vivarium Control,RNA Sequencing (RNA-Seq),Transcriptional profiling of cerebellums from mice flown on the RR-23 mission,https://osdr.nasa.gov/geode-py/ws/studies/OSD-525/download?source=datamanager&file=GLDS-525_rna_seq_differential_expression_GLbulkRNAseq.csv
3,OSD-546,Homo sapiens,Spaceflight Study,Cells,Spaceflight     Treatment,15,4,6,Space Flight & osteogenic | Space Flight & standard | Ground Control & osteogenic | Ground Control & standard,DNA microarray,SCD – Stem Cell Differentiation Toward Osteoblast Onboard the International Space Station,https://osdr.nasa.gov/geode-py/ws/studies/OSD-546/download?source=datamanager&file=GLDS-546_array_differential_expression.csv
3,OSD-548,Mus musculus,Ground Study,cardiac muscle tissue,Hindlimb Unloading,9,2,1,sham | tail suspension,DNA microarray,Balancing apelin and angiotensin-II signaling to reduce heart injury during weightlessness,https://osdr.nasa.gov/geode-py/ws/studies/OSD-548/download?source=datamanager&file=GLDS-548_array_differential_expression.csv
3,OSD-576,Mus musculus,Spaceflight Study,Right tibialis anterior,Spaceflight,27,3,3,Ground Control | Space Flight | Vivarium Control,RNA Sequencing (RNA-Seq),Transcriptional profiling of tibialis anterior muscle from mice flown on the RR-23 mission,https://osdr.nasa.gov/geode-py/ws/studies/OSD-576/download?source=datamanager&file=GLDS-570_rna_seq_differential_expression_GLbulkRNAseq.csv
3,OSD-590,Drosophila melanogaster,Ground Study,Whole Organism,Ionizing Radiation     ionizing radiation device or source,5,2,1,mixed radiation & Baksan Neutrino Observatory | mixed radiation & Deep Underground Low Background laboratory (DULB-4900),RNA Sequencing (RNA-Seq),First transcriptome profiling of D. melanogaster after development in a deep underground low radiation background laboratory,https://osdr.nasa.gov/geode-py/ws/studies/OSD-590/download?source=datamanager&file=GLDS-577_rna_seq_differential_expression_GLbulkRNAseq.csv
3,OSD-613,Mus musculus,Spaceflight Study,Left cerebral hemisphere,Spaceflight     Age,18,4,6,Ground Control & 12 week | Ground Control & 29 week | Space Flight & 12 week | Space Flight & 29 week,single-cell RNA sequencing     single-cell ATAC-seq     RNA Sequencing (RNA-Seq),Bulk RNA sequencing and single nuclei transcriptomics and epigenomics of brain tissue from mice flown on the RRRM-2 mission,https://osdr.nasa.gov/geode-py/ws/studies/OSD-613/download?source=datamanager&file=GLDS-589_rna_seq_differential_expression_GLbulkRNAseq.csv
3,OSD-665,Mus musculus,Spaceflight Study,Right extensor digitorum longus,Spaceflight,27,3,3,Ground Control | Space Flight | Vivarium Control,RNA Sequencing (RNA-Seq),Transcriptional profiling of right extensor digitorum longus muscle from mice flown on the RR-23 mission,https://osdr.nasa.gov/geode-py/ws/studies/OSD-665/download?source=datamanager&file=GLDS-604_rna_seq_differential_expression_GLbulkRNAseq.csv
3,OSD-666,Mus musculus,Spaceflight Study,Right quadriceps femoris,Spaceflight,27,3,3,Ground Control | Space Flight | Vivarium Control,RNA Sequencing (RNA-Seq),Transcriptional profiling of right quadriceps femoris muscle from mice flown on the RR-23 mission,https://osdr.nasa.gov/geode-py/ws/studies/OSD-666/download?source=datamanager&file=GLDS-605_rna_seq_differential_expression_GLbulkRNAseq.csv
3,OSD-690,Mus musculus,Spaceflight Study,Bone Marrow,Spaceflight     Genotype,24,4,6,Nrf2KO & Ground Control | Nrf2KO & Space Flight | Wild Type & Ground Control | Wild Type & Space Flight,RNA Sequencing (RNA-Seq),Nrf2 alleviates spaceflight-induced immunosuppression and thrombotic microangiopathy in mice,https://osdr.nasa.gov/geode-py/ws/studies/OSD-690/download?source=datamanager&file=GLDS-620_rna_seq_differential_expression_GLbulkRNAseq.csv
3,OSD-770,Mus musculus,Spaceflight Study,Right soleus,Spaceflight,27,3,3,Ground Control | Space Flight | Vivarium Control,RNA Sequencing (RNA-Seq),Transcriptional profiling of soleus muscle from mice flown on the RR-23 mission,https://osdr.nasa.gov/geode-py/ws/studies/OSD-770/download?source=datamanager&file=GLDS-673_rna_seq_differential_expression_GLbulkRNAseq.csv
3,OSD-867,Homo sapiens,Spaceflight Study,"Cells, Cultured",Spaceflight     Time,12,4,6,Ground Control & 1 week | Ground Control & 2 week | Space Flight & 1 week | Space Flight & 2 week,RNA Sequencing (RNA-Seq),Impact of spaceflight on gene expression in cultured human mesenchymal stem/stromal cell,https://osdr.nasa.gov/geode-py/ws/studies/OSD-867/download?source=datamanager&file=GLDS-719_rna_seq_differential_expression_GLbulkRNAseq.csv
3,OSD-940,Homo sapiens,Ground Study,"Cells, Cultured",Microgravity Simulation,8,2,1,1G in 3D clinostat | uG by 3D clinostat,RNA Sequencing (RNA-Seq),Effects of simulated microgravity on colorectal cancer organoids growth and drug response,https://osdr.nasa.gov/geode-py/ws/studies/OSD-940/download?source=datamanager&file=GLDS-768_rna_seq_differential_expression_GLbulkRNAseq.csv
2,OSD-1,Drosophila melanogaster,Spaceflight Study,Whole Organism,Spaceflight     Infection,20,6,15,Space Flight & uninfected | Ground Control & uninfected | Space Flight & infected with Escherichia coli | Ground Control & infected with Escherichia coli | Space Flight & infected with Beauveria bassiana | Ground Control & infected with Beauveria bassiana,DNA microarray,Expression data from drosophila melanogaster,https://osdr.nasa.gov/geode-py/ws/studies/OSD-1/download?source=datamanager&file=GLDS-1_array_differential_expression.csv
2,OSD-36,Drosophila melanogaster,Spaceflight Study,,Altered Gravity     Treatment     Spaceflight     Altered Gravity Simulator,23,8,28,Not Applicable & uG with random positioning machine & RPM & cold treatment | Not Applicable & 1G on Earth & RPM & cold treatment | Not Applicable & uG with random positioning machine & RPM & no cold treatment | Not Applicable & 1G on Earth & RPM & no cold treatment | Not Applicable & 1G on Earth & MidiCAR centrifuge & no cold treatment | Not Applicable & 10G with centrifugation & MidiCAR centrifuge & no cold treatment | Space Flight & uG & Not Applicable & cold treatment | Ground Control & 1G on Earth & Not Applicable & cold treatment,DNA microarray,Transcription profiling of Drosophila after exposure to microgravity in the International Space Station and in a microgravity simulator,https://osdr.nasa.gov/geode-py/ws/studies/OSD-36/download?source=datamanager&file=GLDS-36_array_differential_expression_GLmicroarray.csv
2,OSD-37,Arabidopsis thaliana,Spaceflight Study,Seedlings,Spaceflight     Ecotype,57,8,28,Ground Control & Col-0 | Ground Control & Cvi-0 | Ground Control & Ler-0 | Ground Control & Ws-2 | Space Flight & Col-0 | Space Flight & Cvi-0 | Space Flight & Ler-0 | Space Flight & Ws-2,RNA Sequencing (RNA-Seq),Comparison of the spaceflight transcriptome of four commonly used Arabidopsis thaliana ecotypes,https://osdr.nasa.gov/geode-py/ws/studies/OSD-37/download?source=datamanager&file=GLDS-37_rna_seq_differential_expression_GLbulkRNAseq.csv
2,OSD-47,Mus musculus,Spaceflight Study,Liver,Spaceflight,9,3,3,Basal Control | Ground Control | Space Flight,RNA Sequencing (RNA-Seq)     mass spectrometry     Whole Genome Bisulfite Sequencing     Microscopy,"Rodent Research-1 (RR1) National Lab Validation Flight: Mouse liver transcriptomic, proteomic, epigenomic and histology data",https://osdr.nasa.gov/geode-py/ws/studies/OSD-47/download?source=datamanager&file=GLDS-47_rna_seq_differential_expression_GLbulkRNAseq.csv
2,OSD-61,Mus musculus,Spaceflight Study,,Spaceflight     Genotype,8,4,6,Space Flight & over-expressing PTN/OSF1 | Space Flight & Wild Type | Ground Control & over-expressing PTN/OSF1 | Ground Control & Wild Type,DNA microarray,Effect of a 91 day long stay in weightlessness on the International Space Station on mouse skin physiology,https://osdr.nasa.gov/geode-py/ws/studies/OSD-61/download?source=datamanager&file=GLDS-61_array_differential_expression_GLmicroarray.csv
2,OSD-62,Saccharomyces cerevisiae,Spaceflight Study,Cells,Spaceflight     Genotype,19,6,15,Ground Control & Wild Type | Space Flight & Wild Type | Ground Control & FLO1 overexpression | Space Flight & FLO1 overexpression | Ground Control & FLO8 | Space Flight & FLO8,DNA microarray,Molecular mechanism of flocculation self-recognition in yeast and its role in mating and survival,https://osdr.nasa.gov/geode-py/ws/studies/OSD-62/download?source=datamanager&file=GLDS-62_array_differential_expression_GLmicroarray.csv
2,OSD-95,Escherichia coli,Spaceflight Study,Cells,Spaceflight     Dose,22,6,15,25 microgram per milliliter & Ground Control | 25 microgram per milliliter & Space Flight | 50 microgram per milliliter & Ground Control | 50 microgram per milliliter & Space Flight | 75 microgram per milliliter & Ground Control | 75 microgram per milliliter & Space Flight,RNA Sequencing (RNA-Seq),A Molecular Genetic Basis Explaining Altered Bacterial Behavior in Space,https://osdr.nasa.gov/geode-py/ws/studies/OSD-95/download?source=datamanager&file=GLDS-95_rna_seq_differential_expression_GLbulkRNAseq.csv
2,OSD-120,Arabidopsis thaliana,Spaceflight Study,,Ecotype     Spaceflight     Treatment,37,12,66,Col-0 & Ground Control & Dark Treatment | Col-0 & Ground Control & Light Treatment | Col-0 & Space Flight & Dark Treatment | Col-0 & Space Flight & Light Treatment | Col-0 PhyD & Ground Control & Dark Treatment | Col-0 PhyD & Ground Control & Light Treatment | Col-0 PhyD & Space Flight & Dark Treatment | Col-0 PhyD & Space Flight & Light Treatment | Wassilewskija ecotype & Ground Control & Dark Treatment | Wassilewskija ecotype & Ground Control & Light Treatment | Wassilewskija ecotype & Space Flight & Dark Treatment | Wassilewskija ecotype & Space Flight & Light Treatment,RNA Sequencing (RNA-Seq)     Photography,Genetic dissection of the Arabidopsis spaceflight transcriptome: Are some responses dispensable for the physiological adaptation of plants to spaceflight?,https://osdr.nasa.gov/geode-py/ws/studies/OSD-120/download?source=datamanager&file=GLDS-120_rna_seq_differential_expression_GLbulkRNAseq.csv
2,OSD-168,Mus musculus,Spaceflight Study,Liver,Spaceflight     Spike-in Quality Control     Space Mission,52,11,55,Basal Control & SpaceX-4 (RR1) & With Spike-in | Basal Control & SpaceX-4 (RR1) & Without Spike-in | Basal Control & SpaceX-8 (RR3) & With Spike-in | Ground Control & SpaceX-4 (RR1) & With Spike-in | Ground Control & SpaceX-4 (RR1) & Without Spike-in | Ground Control & SpaceX-8 (RR3) & With Spike-in | Space Flight & SpaceX-4 (RR1) & With Spike-in | Space Flight & SpaceX-4 (RR1) & Without Spike-in | Space Flight & SpaceX-8 (RR3) & With Spike-in | Vivarium Control & SpaceX-4 (RR1) & With Spike-in | Vivarium Control & SpaceX-4 (RR1) & Without Spike-in,RNA Sequencing (RNA-Seq),RR-1 and RR-3 mouse liver transcriptomics with and without ERCC control RNA spike-ins,https://osdr.nasa.gov/geode-py/ws/studies/OSD-168/download?source=datamanager&file=GLDS-168_rna_seq_differential_expression_GLbulkRNAseq.csv
2,OSD-173,Mus musculus,Spaceflight Study,Liver,Spaceflight,6,3,3,Ground Control | Space Flight | Vivarium Control,RNA Sequencing (RNA-Seq),STS-135: Mouse Liver Transcriptomics using RNA-Seq,https://osdr.nasa.gov/geode-py/ws/studies/OSD-173/download?source=datamanager&file=GLDS-173_rna_seq_differential_expression_GLbulkRNAseq.csv
2,OSD-193,Arabidopsis thaliana,Spaceflight Study,,Time     Genotype     Spaceflight,33,8,28,Col-0 & Ground Control & 4 day | Col-0 & Ground Control & 8 day | Col-0 & Space Flight & 4 day | Col-0 & Space Flight & 8 day | Sku6 & Ground Control & 4 day | Sku6 & Ground Control & 8 day | Sku6 & Space Flight & 4 day | Sku6 & Space Flight & 8 day,RNA Sequencing (RNA-Seq),"During development, the Sku6 mutant roots engage different genes than wild type Col-0 roots, either on the ground or in spaceflight",https://osdr.nasa.gov/geode-py/ws/studies/OSD-193/download?source=datamanager&file=GLDS-193_rna_seq_differential_expression_GLbulkRNAseq.csv
2,OSD-207,Drosophila melanogaster,Spaceflight Study,Head,Spaceflight     Genotype     Strain,31,8,28,Canton-S & Sei ts1 & Ground Control | Canton-S & Sei ts1 & Space Flight | Canton-S & Wild Type & Ground Control | Canton-S & Wild Type & Space Flight | w1118 & KCNQ370 & Ground Control | w1118 & KCNQ370 & Space Flight | w1118 & Wild Type & Ground Control | w1118 & Wild Type & Space Flight,RNA Sequencing (RNA-Seq)     mass spectrometry,Correlated Gene and Protein Expression in heads from Drosophila reared in microgravity,https://osdr.nasa.gov/geode-py/ws/studies/OSD-207/download?source=datamanager&file=GLDS-207_rna_seq_differential_expression_GLbulkRNAseq.csv
2,OSD-218,Arabidopsis thaliana,Spaceflight Study,,Age     Spaceflight     Cultivar,33,8,28,4 day & Ground Control & Col-0 | 4 day & Ground Control & WS | 4 day & Space Flight & Col-0 | 4 day & Space Flight & WS | 8 day & Ground Control & Col-0 | 8 day & Ground Control & WS | 8 day & Space Flight & Col-0 | 8 day & Space Flight & WS,RNA Sequencing (RNA-Seq),Plant development on ISS differs from the development on the ground and is influenced by the genetic background,https://osdr.nasa.gov/geode-py/ws/studies/OSD-218/download?source=datamanager&file=GLDS-218_rna_seq_differential_expression_GLbulkRNAseq.csv
2,OSD-238,Mus musculus,Spaceflight Study,dorsal skin,Spaceflight     Diet     Altered Gravity,24,8,28,Ground Control & 1G on Earth & JAXA Chow | Ground Control & 1G on Earth & JAXA Chow with FOS | Space Flight & 1G by centrifugation & JAXA Chow | Space Flight & 1G by centrifugation & JAXA Chow with FOS | Space Flight & uG & JAXA Chow | Space Flight & uG & JAXA Chow with FOS | Vivarium Control & 1G on Earth & JAXA Chow | Vivarium Control & 1G on Earth & JAXA Chow with FOS,RNA Sequencing (RNA-Seq),Transcriptomic analysis of dorsal skin from mice flown on the MHU-2 mission,https://osdr.nasa.gov/geode-py/ws/studies/OSD-238/download?source=datamanager&file=GLDS-238_rna_seq_differential_expression_GLbulkRNAseq.csv
2,OSD-239,Mus musculus,Spaceflight Study,femoral skin,Spaceflight     Diet     Altered Gravity,23,8,28,Ground Control & 1G on Earth & JAXA Chow | Ground Control & 1G on Earth & JAXA Chow with FOS | Space Flight & 1G by centrifugation & JAXA Chow | Space Flight & 1G by centrifugation & JAXA Chow with FOS | Space Flight & uG & JAXA Chow | Space Flight & uG & JAXA Chow with FOS | Vivarium Control & 1G on Earth & JAXA Chow | Vivarium Control & 1G on Earth & JAXA Chow with FOS,RNA Sequencing (RNA-Seq),Transcriptomic analysis of femoral skin from mice flown on the MHU-2 mission,https://osdr.nasa.gov/geode-py/ws/studies/OSD-239/download?source=datamanager&file=GLDS-239_rna_seq_differential_expression_GLbulkRNAseq.csv
2,OSD-242,Mus musculus,Spaceflight Study,Liver,Spaceflight,23,6,15,Basal Control | Cohort Control #1 | Cohort Control #2 | Ground Control | Space Flight | Vivarium Control,RNA Sequencing (RNA-Seq),Effect of spaceflight on liver from mice flown on the ISS for 33 days: transcriptional analysis,https://osdr.nasa.gov/geode-py/ws/studies/OSD-242/download?source=datamanager&file=GLDS-242_rna_seq_differential_expression_GLbulkRNAseq.csv
2,OSD-243,Mus musculus,Spaceflight Study,dorsal skin,Spaceflight     Duration     Dissection Condition     Euthanasia Location,53,6,15,Basal Control & 1 day & On Earth & Carcass | Basal Control & 1 day & On Earth & Upon euthanasia | Ground Control & ~30 day & On Earth & Upon euthanasia | Ground Control & ~60 day & On Earth & Carcass | Space Flight & ~30 day & On Earth & Upon euthanasia | Space Flight & ~60 day & On ISS & Carcass,RNA Sequencing (RNA-Seq),Transcriptional analysis of dorsal skin from mice flown on the RR-6 mission,https://osdr.nasa.gov/geode-py/ws/studies/OSD-243/download?source=datamanager&file=GLDS-243_rna_seq_differential_expression_GLbulkRNAseq.csv
2,OSD-244,Mus musculus,Spaceflight Study,Thymus,Spaceflight     Duration     Dissection Condition     Euthanasia Location,54,6,15,Basal Control & 1 day & On Earth & Carcass | Basal Control & 1 day & On Earth & Upon euthanasia | Ground Control & ~30 day & On Earth & Upon euthanasia | Ground Control & ~60 day & On Earth & Carcass | Space Flight & ~30 day & On Earth & Upon euthanasia | Space Flight & ~60 day & On ISS & Carcass,RNA Sequencing (RNA-Seq),Transcriptional analysis of thymus from mice flown on the RR-6 Mission,https://osdr.nasa.gov/geode-py/ws/studies/OSD-244/download?source=datamanager&file=GLDS-244_rna_seq_differential_expression_GLbulkRNAseq.csv
2,OSD-245,Mus musculus,Spaceflight Study,Liver,Spaceflight     Duration     Dissection Condition     Euthanasia Location,59,6,15,Basal Control & 1 day & On Earth & Carcass | Basal Control & 1 day & On Earth & Upon euthanasia | Ground Control & ~30 day & On Earth & Upon euthanasia | Ground Control & ~60 day & On Earth & Carcass | Space Flight & ~30 day & On Earth & Upon euthanasia | Space Flight & ~60 day & On ISS & Carcass,RNA Sequencing (RNA-Seq),Transcriptional analysis of liver from mice flown on the RR-6 mission,https://osdr.nasa.gov/geode-py/ws/studies/OSD-245/download?source=datamanager&file=GLDS-245_rna_seq_differential_expression_GLbulkRNAseq.csv
2,OSD-246,Mus musculus,Spaceflight Study,Spleen,Spaceflight     Duration     Dissection Condition     Euthanasia Location,43,6,15,Basal Control & 1 day & On Earth & Carcass | Basal Control & 1 day & On Earth & Upon euthanasia | Ground Control & ~30 day & On Earth & Upon euthanasia | Ground Control & ~60 day & On Earth & Carcass | Space Flight & ~30 day & On Earth & Upon euthanasia | Space Flight & ~60 day & On ISS & Carcass,RNA Sequencing (RNA-Seq),Transcriptional analysis of spleen from mice flown on the RR-6 mission,https://osdr.nasa.gov/geode-py/ws/studies/OSD-246/download?source=datamanager&file=GLDS-246_rna_seq_differential_expression_GLbulkRNAseq.csv
2,OSD-247,Mus musculus,Spaceflight Study,descending colon,Spaceflight     Duration     Dissection Condition     Euthanasia Location,54,6,15,Basal Control & 1 day & On Earth & Carcass | Basal Control & 1 day & On Earth & Upon euthanasia | Ground Control & ~30 day & On Earth & Upon euthanasia | Ground Control & ~60 day & On Earth & Carcass | Space Flight & ~30 day & On Earth & Upon euthanasia | Space Flight & ~60 day & On ISS & Carcass,RNA Sequencing (RNA-Seq),Transcriptional analysis of colon from mice flown on the RR-6 mission,https://osdr.nasa.gov/geode-py/ws/studies/OSD-247/download?source=datamanager&file=GLDS-247_rna_seq_differential_expression_GLbulkRNAseq.csv
2,OSD-248,Mus musculus,Spaceflight Study,Left Lung,Spaceflight     Duration     Dissection Condition     Euthanasia Location,58,6,15,Basal Control & 1 day & On Earth & Carcass | Basal Control & 1 day & On Earth & Upon euthanasia | Ground Control & ~30 day & On Earth & Upon euthanasia | Ground Control & ~60 day & On Earth & Carcass | Space Flight & ~30 day & On Earth & Upon euthanasia | Space Flight & ~60 day & On ISS & Carcass,RNA Sequencing (RNA-Seq),Transcriptional analysis of lung from mice flown on the RR-6 mission,https://osdr.nasa.gov/geode-py/ws/studies/OSD-248/download?source=datamanager&file=GLDS-248_rna_seq_differential_expression_GLbulkRNAseq.csv
2,OSD-251,Arabidopsis thaliana,Spaceflight Study,Seedlings,Spaceflight     Altered Gravity,21,6,15,Space Flight & 0.09G by centrifugation | Space Flight & 0.18G by centrifugation | Space Flight & 0.36G by centrifugation | Space Flight & 0.57G by centrifugation | Space Flight & 1G by centrifugation | Space Flight & uG,RNA Sequencing (RNA-Seq),RNAseq analysis of the response of Arabidopsis thaliana to fractional gravity under blue-light stimulation during spaceflight,https://osdr.nasa.gov/geode-py/ws/studies/OSD-251/download?source=datamanager&file=GLDS-251_rna_seq_differential_expression_GLbulkRNAseq.csv
2,OSD-253,Mus musculus,Spaceflight Study,Left kidney,Spaceflight     Strain     Duration     Treatment,112,0,68,,RNA Sequencing (RNA-Seq),Transcriptional analysis of kidneys from mice flown on the RR-7 mission,https://osdr.nasa.gov/geode-py/ws/studies/OSD-253/download?source=datamanager&file=GLDS-253_rna_seq_differential_expression_GLbulkRNAseq.csv
2,OSD-254,Mus musculus,Spaceflight Study,dorsal skin,Spaceflight     Strain     Duration,80,12,91,C3H/HeJ & Basal Control & 0 day | C3H/HeJ & Ground Control & ~25 day | C3H/HeJ & Ground Control & ~75 day | C3H/HeJ & Space Flight & ~25 day | C3H/HeJ & Space Flight & ~75 day | C3H/HeJ & Vivarium Control & ~25 day | C3H/HeJ & Vivarium Control & ~75 day | C57BL/6J & Basal Control & 0 day | C57BL/6J & Ground Control & ~25 day | C57BL/6J & Ground Control & ~75 day | C57BL/6J & Space Flight & ~25 day | C57BL/6J & Space Flight & ~75 day,RNA Sequencing (RNA-Seq),Transcriptional analysis of dorsal skin from mice flown on the RR-7 mission,https://osdr.nasa.gov/geode-py/ws/studies/OSD-254/download?source=datamanager&file=GLDS-254_rna_seq_differential_expression_GLbulkRNAseq.csv
2,OSD-281,Arabidopsis thaliana,Spaceflight study,,Spaceflight     Age     Genotype,34,8,28,Sku5 & 4 day & Ground Control | Sku5 & 4 day & Space Flight | Sku5 & 8 day & Ground Control | Sku5 & 8 day & Space Flight | WS & 4 day & Ground Control | WS & 4 day & Space Flight | WS & 8 day & Ground Control | WS & 8 day & Space Flight,RNA Sequencing (RNA-Seq),"During development, the Sku5 mutant roots engage different genes than wild type WS roots, either on the ground or in spaceflight.",https://osdr.nasa.gov/geode-py/ws/studies/OSD-281/download?source=datamanager&file=GLDS-281_rna_seq_differential_expression_GLbulkRNAseq.csv
2,OSD-288,Mus musculus,Spaceflight Study,Spleen,Spaceflight     Altered Gravity,9,3,3,Ground Control & 1G on Earth | Space Flight & 1G by centrifugation | Space Flight & uG,RNA Sequencing (RNA-Seq),Transcriptome analysis of murine spleen in space,https://osdr.nasa.gov/geode-py/ws/studies/OSD-288/download?source=datamanager&file=GLDS-288_rna_seq_differential_expression_GLbulkRNAseq.csv
2,OSD-289,Mus musculus,Spaceflight study,thymus,Spaceflight     Altered Gravity     Space Mission,18,6,15,MHU-1 & Ground Control & 1G on Earth | MHU-1 & Space Flight & 1G by centrifugation | MHU-1 & Space Flight & uG | MHU-2 & Space Flight & 1G by centrifugation | MHU-2 & Space Flight & uG | MHU-2 & Vivarium Control & 1G on Earth,RNA Sequencing (RNA-Seq),Impact of spaceflight on gene expression in the thymus,https://osdr.nasa.gov/geode-py/ws/studies/OSD-289/download?source=datamanager&file=GLDS-289_rna_seq_differential_expression_GLbulkRNAseq.csv
2,OSD-314,Arabidopsis thaliana,Spaceflight Study,Seedlings,Spaceflight     Altered Gravity     Light,18,6,15,Ground Control & 1G on Earth & Dark Treatment | Ground Control & 1G on Earth & Red Light Treatment | Space Flight & 0.34G by centrifugation & Dark Treatment | Space Flight & 0.34G by centrifugation & Red Light Treatment | Space Flight & uG & Dark Treatment | Space Flight & uG & Red Light Treatment,RNA Sequencing (RNA-Seq),Adaptive response of Arabidopsis seedlings in microgravity and Mars reduced gravity environment is enhanced by red light photostimulation,https://osdr.nasa.gov/geode-py/ws/studies/OSD-314/download?source=datamanager&file=GLDS-314_rna_seq_differential_expression_GLbulkRNAseq.csv
2,OSD-321,Arabidopsis thaliana,Spaceflight Study,Seedlings,Spaceflight     Genotype,45,10,45,Ground Control & Wild Type | Ground Control & bzip28-2 | Ground Control & bzip28-2 bzip60-1 | Ground Control & bzip60-2 | Ground Control & ire1a-4 ire1b-2 | Space Flight & Wild Type | Space Flight & bzip28-2 | Space Flight & bzip28-2 bzip60-1 | Space Flight & bzip60-2 | Space Flight & ire1a-4 ire1b-2,RNA Sequencing (RNA-Seq),Relevance of Unfolded Protein Response to Spaceflight-Induced Transcriptional Reprogramming in Arabidopsis,https://osdr.nasa.gov/geode-py/ws/studies/OSD-321/download?source=datamanager&file=GLDS-321_rna_seq_differential_expression_GLbulkRNAseq.csv
2,OSD-323,Homo sapiens,Spaceflight Study,Cells,Spaceflight     Infection,7,4,6,Ground Control & Infected with Salmonella Typhimurium | Ground Control & uninfected | Space Flight & Infected with Salmonella Typhimurium | Space Flight & uninfected,RNA Sequencing (RNA-Seq),Evaluating the effect of spaceflight on the host-pathogen interaction between human intestinal epithelial cells and Salmonella Typhimurium,https://osdr.nasa.gov/geode-py/ws/studies/OSD-323/download?source=datamanager&file=GLDS-323_rna_seq_differential_expression_GLbulkRNAseq.csv
2,OSD-346,Arabidopsis thaliana,Spaceflight Study,,Genotype     Spaceflight     Altered Gravity     Treatment,37,0,47,,RNA Sequencing (RNA-Seq),"RNAseq analysis of the response of Arabidopsis thaliana phytochrome mutants (PhyA, PhyB) to fractional gravity under blue-light stimulation during spaceflight",https://osdr.nasa.gov/geode-py/ws/studies/OSD-346/download?source=datamanager&file=GLDS-346_rna_seq_differential_expression_GLbulkRNAseq.csv
2,OSD-379,Mus musculus,Spaceflight Study,Left Lobe of the Liver,Spaceflight     Duration     Euthanasia Location     Dissection Condition     Age,141,0,56,,RNA Sequencing (RNA-Seq),Transcriptional profiling of livers from mice flown on Rodent Research Reference Mission-1 (RRRM-1),https://osdr.nasa.gov/geode-py/ws/studies/OSD-379/download?source=datamanager&file=GLDS-379_rna_seq_differential_expression_GLbulkRNAseq.csv
2,OSD-425,Caenorhabditis elegans,Spaceflight Study,Whole Organism,Spaceflight     Genotype     Generation     Altered Gravity,51,0,64,,DNA microarray,The effect of microgravity on the epigenetic modification in C. elegans - JAXA EPIGENETICS spaceflight experiment,https://osdr.nasa.gov/geode-py/ws/studies/OSD-425/download?source=datamanager&file=GLDS-425_array_differential_expression_GLmicroarray.csv
2,OSD-426,Mus musculus,Spaceflight Study,Cells,Spaceflight     Altered Gravity     Treatment,18,6,15,Ground Control & 1G on Earth & with nanoceria | Ground Control & 1G on Earth & without nanoceria | Space Flight & 1G by centrifugation & with nanoceria | Space Flight & 1G by centrifugation & without nanoceria | Space Flight & uG & with nanoceria | Space Flight & uG & without nanoceria,RNA Sequencing (RNA-Seq)     miRNA Sequencing,Cerium oxide nanoparticle administration to skeletal muscle cells under different gravity and radiation conditions,https://osdr.nasa.gov/geode-py/ws/studies/OSD-426/download?source=datamanager&file=GLDS-426_rna_seq_differential_expression_GLbulkRNAseq.csv
2,OSD-427,Arabidopsis thaliana,Spaceflight Study,leaf | root,Spaceflight     Genotype     Organism part,50,12,66,elp2-5 & Ground control & leaf | elp2-5 & Ground control & root | elp2-5 & Space Flight & leaf | elp2-5 & Space Flight & root | met1-7 & Ground control & leaf | met1-7 & Ground control & root | met1-7 & Space Flight & leaf | met1-7 & Space Flight & root | Wild Type & Ground control & leaf | Wild Type & Ground control & root | Wild Type & Space Flight & leaf | Wild Type & Space Flight & root,RNA Sequencing (RNA-Seq),Characterizing Epigenetic Changes in Methylation Mutants (elp2-5 and met1-7) in Response to Spaceflight. [RNA-Seq],https://osdr.nasa.gov/geode-py/ws/studies/OSD-427/download?source=datamanager&file=GLDS-427_rna_seq_differential_expression.csv
2,OSD-431,Homo sapiens,Spaceflight Study,Cells,Spaceflight     Altered Gravity,8,3,3,Ground Control & 1G on Earth | Space Flight & 1G by centrifugation | Space Flight & uG,RNA Sequencing (RNA-Seq),Microgravity and space radiation exert either opposite or synergic effects on single molecular pathways,https://osdr.nasa.gov/geode-py/ws/studies/OSD-431/download?source=datamanager&file=GLDS-431_rna_seq_differential_expression_GLbulkRNAseq.csv
2,OSD-437,Arabidopsis thaliana,Spaceflight Study,,Age     Altered Gravity     Spaceflight,20,5,10,4 day & 1G by centrifugation & Space Flight | 4 day & uG & Space Flight | 6 day & 1G by centrifugation & Space Flight | 6 day & 1G on Earth & Ground Control | 6 day & uG & Space Flight,RNA Sequencing (RNA-Seq),Transcriptional and Post transcriptional Regulation of Seedling Development in Microgravity,https://osdr.nasa.gov/geode-py/ws/studies/OSD-437/download?source=datamanager&file=GLDS-437_rna_seq_differential_expression_GLbulkRNAseq.csv
2,OSD-511,Mus musculus,Spaceflight Study,mammary gland,Spaceflight     Age,43,6,15,10 to 12 week & Ground Control | 10 to 12 week & Space Flight | 10 to 12 week & Vivarium Control | 32 week & Ground Control | 32 week & Space Flight | 32 week & Vivarium Control,RNA Sequencing (RNA-Seq),Transcriptional profiling of mammary glands from mice flown on the RRRM-1 mission,https://osdr.nasa.gov/geode-py/ws/studies/OSD-511/download?source=datamanager&file=GLDS-511_rna_seq_differential_expression_GLbulkRNAseq.csv
2,OSD-514,Drosophila melanogaster,Spaceflight Study,head,Sex     Spaceflight     Altered Gravity,24,6,15,AGC & F | AGC & M | s_1g & F | s_1g & M | ug & F | ug & M,RNA Sequencing (RNA-Seq)     mass spectrometry,Artificial gravity partially protects space-induced neurological deficits in Drosophila melanogaster,https://osdr.nasa.gov/geode-py/ws/studies/OSD-514/download?source=datamanager&file=GLDS-514_rna-seq_differential_expression.csv
2,OSD-554,Pseudomonas aeruginosa,Spaceflight Study,Cells,Growth Environment     Time     Spaceflight,68,0,110,,RNA Sequencing (RNA-Seq),"Characterization of Biofilm Formation, Growth, and Gene Expression on Different Materials and Environmental Conditions in Microgravity (Gene expression of Pseudomonas aeruginosa biofilms)",https://osdr.nasa.gov/geode-py/ws/studies/OSD-554/download?source=datamanager&file=GLDS-554_rna_seq_differential_expression_GLbulkRNAseq.csv
2,OSD-561,Mus musculus,Spaceflight Study,right hemisphere of cerebellum,Spaceflight     Euthanasia Location     Age,26,5,10,12 week & Ground Control & On Earth | 12 week & Space Flight & On Earth | 12 week & Space Flight & On ISS | 29 week & Ground Control & On Earth | 29 week & Space Flight & On Earth,spatial transcriptomics     RNA Sequencing (RNA-Seq),Bulk RNA sequencing and spatially resolved transcriptional profiling of cerebellums from mice flown on the RRRM-2 mission,https://osdr.nasa.gov/geode-py/ws/studies/OSD-561/download?source=datamanager&file=GLDS-556_rna_seq_differential_expression_GLbulkRNAseq.csv
2,OSD-562,Mus musculus,Spaceflight Study,Right hippocampus,Spaceflight     Euthanasia Location     Age,27,7,21,12 week & Ground Control & On Earth | 12 week & Space Flight & On Earth | 12 week & Space Flight & On ISS | 29 week & Ground Control & On Earth | 29 week & Ground Control & On ISS | 29 week & Space Flight & On Earth | 29 week & Space Flight & On ISS,spatial transcriptomics     RNA Sequencing (RNA-Seq),Bulk RNA sequencing and spatially resolved transcriptional profiling of hippocampi from mice flown on the RRRM-2 mission,https://osdr.nasa.gov/geode-py/ws/studies/OSD-562/download?source=datamanager&file=GLDS-557_rna_seq_differential_expression_GLbulkRNAseq.csv
2,OSD-580,Mus musculus,Spaceflight Study,Heart | heart right ventricle,Spaceflight     Age     Euthanasia Location,79,10,45,Basal Control & 12 week & On Earth | Basal Control & 29 week & On Earth | Ground Control & 12 week & On Earth | Ground Control & 29 week & On Earth | Space Flight & 12 week & On Earth | Space Flight & 12 week & On ISS | Space Flight & 29 week & On Earth | Space Flight & 29 week & On ISS | Vivarium control & 12 week & On Earth | Vivarium control & 29 week & On Earth,RNA Sequencing (RNA-Seq),Transcriptional profiling of heart tissue from mice flown on the RRRM-2 mission,https://osdr.nasa.gov/geode-py/ws/studies/OSD-580/download?source=datamanager&file=GLDS-573_rna_seq_differential_expression_GLbulkRNAseq.csv
2,OSD-588,Drosophila melanogaster,Spaceflight Study,Whole Organism,Spaceflight     Genotype     Developmental Stage     Infection,64,16,120,G0_Lb_infected_G1 | G0_Lb_infected_S1 | G0_Lh_infected_G1 | G0_Lh_infected_S1 | G0-hop-tum | G0-yw | S0_Lb_infected_G1 | S0_Lb_infected_S1 | S0_Lh_infected_G1 | S0_Lh_infected_S1 | S0-hop-tum | S0-yw | Uninfected_G1_hopTum | Uninfected_G1_yw | Uninfected_S1_hopTum | Uninfected_S1_yw,RNA Sequencing (RNA-Seq),Drosophila parasitoids go to space: Unexpected effects of spaceflight on hosts and their parasitoids - Drosophila data,https://osdr.nasa.gov/geode-py/ws/studies/OSD-588/download?source=datamanager&file=GLDS-583_rna-seq_differential_expression.csv
2,OSD-667,Mus musculus,Spaceflight Study,Colon,Spaceflight     Genotype,39,8,28,Wild Type & Basal Control | Wild Type & Ground Control | Wild Type & Space Flight | Wild Type & Vivarium Control | p21-null & Basal Control | p21-null & Ground Control | p21-null & Space Flight | p21-null & Vivarium Control,RNA Sequencing (RNA-Seq),Transcriptional profiling of colon from mice flown on the RR-10 mission,https://osdr.nasa.gov/geode-py/ws/studies/OSD-667/download?source=datamanager&file=GLDS-606_rna_seq_differential_expression_GLbulkRNAseq.csv
2,OSD-678,Arabidopsis thaliana,Spaceflight Study,,Spaceflight     Ecotype     Treatment     Genotype,37,0,63,,RNA Sequencing (RNA-Seq),Light has a principal role in the Arabidopsis transcriptomic response to the spaceflight environment,https://osdr.nasa.gov/geode-py/ws/studies/OSD-678/download?source=datamanager&file=GLDS-612_rna_seq_differential_expression_GLbulkRNAseq.csv
2,OSD-686,Mus musculus,Spaceflight Study,Liver,Spaceflight     Altered Gravity,9,3,3,Ground Control & 1G on Earth | Space Flight & 1G by centrifugation | Space Flight & uG,RNA Sequencing (RNA-Seq),Impact of spaceflight and artificial gravity on sulfur metabolism in mouse liver: sulfur metabolomic and transcriptomic analysis,https://osdr.nasa.gov/geode-py/ws/studies/OSD-686/download?source=datamanager&file=GLDS-617_rna_seq_differential_expression_GLbulkRNAseq.csv
2,OSD-714,Mus musculus,Spaceflight Study,Soleus,Spaceflight     Altered Gravity     Space Mission,21,7,21,Mouse Habitat Unit 1 (MHU-1) & Ground Control & 1G on Earth | Mouse Habitat Unit 1 (MHU-1) & Space Flight & 1G with centrifugation | Mouse Habitat Unit 1 (MHU-1) & Space Flight & uG | Mouse Habitat Unit 4 (MHU-4) & Ground Control & 1G on Earth | Mouse Habitat Unit 4 (MHU-4) & Space Flight & 1/6G with centrifugation | Mouse Habitat Unit 5 (MHU-5) & Ground Control & 1G on Earth | Mouse Habitat Unit 5 (MHU-5) & Space Flight & 1/6G with centrifugation,RNA Sequencing (RNA-Seq),Lunar gravity prevents skeletal muscle atrophy but not myofiber type shift in mice,https://osdr.nasa.gov/geode-py/ws/studies/OSD-714/download?source=datamanager&file=GLDS-638_rna_seq_differential_expression_GLbulkRNAseq.csv
2,OSD-758,Mus musculus,Spaceflight Study,Right retina,Spaceflight     Altered Gravity,35,5,10,FLT_0.33G | FLT_0.67G | FLT_0G | FLT_1G | HGC,RNA Sequencing (RNA-Seq),Artificial Gravity Attenuates the Transcriptomic Response to Spaceflight in the Optic Nerve and Retina -- Retina data,https://osdr.nasa.gov/geode-py/ws/studies/OSD-758/download?source=datamanager&file=GLDS-664_rna-seq_differential_expression.csv
2,OSD-759,Mus musculus,Spaceflight Study,Right optic nerve,Spaceflight     Altered Gravity,35,5,10,FLT_0.33G | FLT_0.67G | FLT_0G | FLT_1G | HGC,RNA Sequencing (RNA-Seq),Artificial Gravity Attenuates the Transcriptomic Response to Spaceflight in the Optic Nerve and Retina -- Optic nerve data,https://osdr.nasa.gov/geode-py/ws/studies/OSD-759/download?source=datamanager&file=GLDS-665_rna-seq_differential_expression.csv
2,OSD-771,Mus musculus,Spaceflight Study,Right kidney,Spaceflight     Age     Euthanasia Location,80,10,45,Basal Control & 12 week & On Earth | Basal Control & 29 week & On Earth | Ground Control & 12 week & On Earth | Ground Control & 29 week & On Earth | Space Flight & 12 week & On Earth | Space Flight & 12 week & On ISS | Space Flight & 29 week & On Earth | Space Flight & 29 week & On ISS | Vivarium Control & 12 week & On Earth | Vivarium Control & 29 week & On Earth,RNA Sequencing (RNA-Seq),Transcriptional profiling of kidney tissue from mice flown on the Rodent Research Reference Mission-2 (RRRM-2),https://osdr.nasa.gov/geode-py/ws/studies/OSD-771/download?source=datamanager&file=GLDS-674_rna_seq_differential_expression_GLbulkRNAseq.csv
2,OSD-781,Homo sapiens,Spaceflight Study,primary cell,Spaceflight     Treatment,8,4,6,Ground Control & None | Space Flight & Insulin-Like Growth Factor I | Space Flight & None | Space Flight & SW033291,RNA Sequencing (RNA-Seq),Skeletal muscle-on-a-chip in microgravity as a platform for regeneration modeling and drug screening - myoblast data,https://osdr.nasa.gov/geode-py/ws/studies/OSD-781/download?source=datamanager&file=GLDS-678_rna_seq_differential_expression_GLbulkRNAseq.csv
2,OSD-863,Homo sapiens,Spaceflight Study,"Cells, Cultured",Spaceflight     Co-culture     Donor Medical History,19,8,28,no known diseases & Ground Control & with microglia | no known diseases & Ground Control & without microglia | no known diseases & Space Flight & with microglia | no known diseases & Space Flight & without microglia | primary progressive multiple sclerosis & Ground Control & with microglia | primary progressive multiple sclerosis & Ground Control & without microglia | primary progressive multiple sclerosis & Space Flight & with microglia | primary progressive multiple sclerosis & Space Flight & without microglia,RNA Sequencing (RNA-Seq),Effects of microgravity on human iPSC-derived neural organoids on the International Space Station - cortical organoids,https://osdr.nasa.gov/geode-py/ws/studies/OSD-863/download?source=datamanager&file=GLDS-716_rna_seq_differential_expression_GLbulkRNAseq.csv
2,OSD-871,Homo sapiens,Spaceflight Study,"Cells, Cultured",Spaceflight     Donor Medical History     Co-culture,23,8,28,Sporadic Parkinson disease & Ground Control & with microglia | Sporadic Parkinson disease & Ground Control & without microglia | Sporadic Parkinson disease & Space Flight & with microglia | Sporadic Parkinson disease & Space Flight & without microglia | no known diseases & Ground Control & with microglia | no known diseases & Ground Control & without microglia | no known diseases & Space Flight & with microglia | no known diseases & Space Flight & without microglia,RNA Sequencing (RNA-Seq),Effects of microgravity on human iPSC-derived neural organoids on the International Space Station - dopaminergic organoids,https://osdr.nasa.gov/geode-py/ws/studies/OSD-871/download?source=datamanager&file=GLDS-720_rna_seq_differential_expression_GLbulkRNAseq.csv
2,OSD-899,Mus musculus,Spaceflight Study,Cecum,Spaceflight     Genotype,64,8,28,Wild Type & Basal Control | Wild Type & Ground Control | Wild Type & Space Flight | Wild Type & Vivarium Control | p21-null & Basal Control | p21-null & Ground Control | p21-null & Space Flight | p21-null & Vivarium Control,RNA Sequencing (RNA-Seq),Transcriptional profiling of cecum from mice flown on the RR-10 mission,https://osdr.nasa.gov/geode-py/ws/studies/OSD-899/download?source=datamanager&file=GLDS-728_rna_seq_differential_expression_GLbulkRNAseq.csv
2,OSD-900,Mus musculus,Spaceflight Study,Right Lung,Spaceflight     Genotype,42,8,28,Basal Control & Wild Type | Basal Control & p21-null | Ground Control & Wild Type | Ground Control & p21-null | Space Flight & Wild Type | Space Flight & p21-null | Vivarium Control & Wild Type | Vivarium Control & p21-null,RNA Sequencing (RNA-Seq),Transcriptional profiling of lungs from mice flown on the RR-10 mission,https://osdr.nasa.gov/geode-py/ws/studies/OSD-900/download?source=datamanager&file=GLDS-729_rna_seq_differential_expression_GLbulkRNAseq.csv
2,OSD-936,Homo sapiens,Spaceflight Study,Cultured Cells,Altered Gravity     Coating     Spaceflight     Altered Gravity Duration,7,4,6,Space Flight & 1G by centrifugation & 24 hour & Not Applicable | Space Flight & 1G by centrifugation & 48 hour & Not Applicable | Space Flight & uG & 24 hour & Not Applicable | Space Flight & uG & 48 hour & Not Applicable,RNA Sequencing (RNA-Seq)     RNA Sequencing (RNA-Seq)     Ribo-seq (Ribosome profiling)     Ribo-seq (Ribosome profiling),Gravitational and mechanical forces drive mitochondrial translation- human HEK293 cell datasets,https://osdr.nasa.gov/geode-py/ws/studies/OSD-936/download?source=datamanager&file=GLDS-764_rna_seq_differential_expression_FLT_GLbulkRNAseq.csv
2,OSD-937,Homo sapiens,Spaceflight Study,"Cells, Cultured",Spaceflight     Donor Age     Treatment     Time,30,10,45,Ground Control & old & Electric Stimulation & 21 day | Ground Control & old & No Electric Stimulation & 2 day | Ground Control & old & No Electric Stimulation & 21 day | Ground Control & young & Electric Stimulation & 21 day | Ground Control & young & No Electric Stimulation & 2 day | Ground Control & young & No Electric Stimulation & 21 day | Space Flight & old & Electric Stimulation & 21 day | Space Flight & old & No Electric Stimulation & 21 day | Space Flight & young & Electric Stimulation & 21 day | Space Flight & young & No Electric Stimulation & 21 day,RNA Sequencing (RNA-Seq),Microgravity accelerates skeletal muscle degeneration: Functional and transcriptomic insights from an ISS muscle lab-on-chip model,https://osdr.nasa.gov/geode-py/ws/studies/OSD-937/download?source=datamanager&file=GLDS-765_rna_seq_differential_expression_GLbulkRNAseq.csv
1,OSD-14,Pseudomonas aeruginosa,Ground Study,Cells,Microgravity Simulation,10,3,3,uG by RWV | 1G by RWV | uG by random positioning machine,DNA microarray,Response of Pseudomonas aeruginosa PAO1 to low shear modeled microgravity,https://osdr.nasa.gov/geode-py/ws/studies/OSD-14/download?source=datamanager&file=GLDS-14_array_differential_expression_GLmicroarray.csv
1,OSD-71,Homo sapiens,Ground Study,"blood, isolated leukocytes",Ionizing Radiation     Absorbed Radiation Dose,18,4,6,sham-irradiated & 0 gray | cesium-137 gamma radiation & 0.3 gray | cesium-137 gamma radiation & 1.5 gray | cesium-137 gamma radiation & 3 gray,DNA microarray,Immediate Transcriptional Changes in Response to High Dose Radiation Exposure,https://osdr.nasa.gov/geode-py/ws/studies/OSD-71/download?source=datamanager&file=GLDS-71_array_differential_expression_GLmicroarray.csv
1,OSD-74,Mus musculus,Ground Study,Trp53 null Mammary Tumor,Ionizing Radiation     Absorbed Radiation Dose,47,4,6,Si-28 ion radiation & 80 centigray | Si-28 ion radiation & 30 centigray | Si-28 ion radiation & 10 centigray | sham-irradiated & 0 gray,DNA microarray,Densely Ionizing Radiation Effects on the Microenvironment Promote Aggressive Trp53 Null Mammary Carcinomas,https://osdr.nasa.gov/geode-py/ws/studies/OSD-74/download?source=datamanager&file=GLDS-74_array_differential_expression_GLmicroarray.csv
1,OSD-78,Homo sapiens,Ground Study,human mammary epithelial cells,Ionizing Radiation     Treatment,17,4,6,sham-irradiated & TGFB treated | x-ray radiation & TGFB treated | x-ray radiation & non TGFB treated control | sham-irradiated & non TGFB treated control,DNA microarray,Transcription profiling of human MCF10A cells subjected to ionizing radiation and treatment with transforming growth factor beta-1,https://osdr.nasa.gov/geode-py/ws/studies/OSD-78/download?source=datamanager&file=GLDS-78_array_differential_expression_GLmicroarray.csv
1,OSD-79,Mus musculus,Ground Study,transplanted p53null mammary tumor,Genotype     Ionizing Radiation,58,4,6,TGFb1 heterozygote & Cobalt-60 gamma radiation | TGFb1 heterozygote & sham-irradiated | Wild Type & Cobalt-60 gamma radiation | Wild Type & sham-irradiated,DNA microarray,Murine microenvironment metaprofiles associate with human cancer etiology and intrinsic subtypes,https://osdr.nasa.gov/geode-py/ws/studies/OSD-79/download?source=datamanager&file=GLDS-79_array_differential_expression_GLmicroarray.csv
1,OSD-125,Homo sapiens,Ground Study,Cells,Microgravity Simulation     Cell Line,10,4,6,DLD1 & 1G on Earth | DLD1 & uG by rotary cell culture system | MOLT-4 & 1G on Earth | MOLT-4 & uG by rotary cell culture system,DNA microarray,mRNA expression profile in DLD-1 and MOLT-4 cancer cell lines cultured under Microgravity,https://osdr.nasa.gov/geode-py/ws/studies/OSD-125/download?source=datamanager&file=GLDS-125_array_differential_expression_GLmicroarray.csv
1,OSD-129,Homo sapiens,Ground Study,Human Peripheral blood lymphocytes (PBL),Ionizing Radiation     Microgravity Simulation,23,4,6,1G on Earth & cesium-137 gamma radiation | uG by RWV & cesium-137 gamma radiation | 1G on Earth & non-irradiated | uG by RWV & non-irradiated,DNA microarray,Gene expression profiling of PBL in response to ionizing radiation and modeled microgravity,https://osdr.nasa.gov/geode-py/ws/studies/OSD-129/download?source=datamanager&file=GLDS-129_array_differential_expression_GLmicroarray.csv
1,OSD-136,Arabidopsis thaliana,Ground Study,,Atmospheric Pressure,12,3,3,"97,000 pascal | 50,000 pascal | 50,000 pascal + O2 to 21,000 pascal",DNA microarray,Dissecting Low Atmospheric Pressure Stress: Transcriptome Responses to the Components of Hypobaria in Arabidopsis [Experiment 2],https://osdr.nasa.gov/geode-py/ws/studies/OSD-136/download?source=datamanager&file=GLDS-136_array_differential_expression_GLmicroarray.csv
1,OSD-160,Mus musculus,Ground Study,4T1 tumor,Ionizing Radiation     Treatment,14,4,6,Isotype Control Injection & sham-irradiated | 1D11 Injection & sham-irradiated | Isotype Control Injection & Cobalt-60 gamma radiation | 1D11 Injection & Cobalt-60 gamma radiation,DNA microarray,Gene expression data from 4T1 irradiated tumors treated with TGFbeta blockade,https://osdr.nasa.gov/geode-py/ws/studies/OSD-160/download?source=datamanager&file=GLDS-160_array_differential_expression_GLmicroarray.csv
1,OSD-172,Homo sapiens,High Altitude Study,Cells,Altered Gravity,26,4,6,1G on Earth | 1G by horizontal flight | 1.8G by parabolic flight | uG by parabolic flight,DNA microarray,Dynamic gene expression response to altered gravity in human T cells (parabolic flight),https://osdr.nasa.gov/geode-py/ws/studies/OSD-172/download?source=datamanager&file=GLDS-172_array_differential_expression_GLmicroarray.csv
1,OSD-182,Homo sapiens,Ground study,,Ionizing Radiation     Treatment,15,4,6,He-4 ion radiation & depleted | He-4 ion radiation & normal | sham-irradiated & depleted | sham-irradiated & normal,DNA microarray,"Human skin fibroblast mitochondrial depletion, 0.5 Gy alpha-particle",https://osdr.nasa.gov/geode-py/ws/studies/OSD-182/download?source=datamanager&file=GLDS-182_array_differential_expression_GLmicroarray.csv
1,OSD-189,Homo sapiens,High Altitude Study,Cells,Altered Gravity,26,4,6,1G on Earth Baseline | 1G on Earth | uG by clinostat | 9G by centrifugation,DNA microarray,Gene expression response to simulated gravity and hypergravity in human T cells,https://osdr.nasa.gov/geode-py/ws/studies/OSD-189/download?source=datamanager&file=GLDS-189_array_differential_expression_GLmicroarray.csv
1,OSD-211,Mus musculus,Ground Study,Spleen,Ionizing Radiation     Hindlimb Unloading,21,4,6,Hindlimb Unloaded & cobalt-57 gamma radiation | Hindlimb Unloaded & non-irradiated | Normally Loaded Control & cobalt-57 gamma radiation | Normally Loaded Control & non-irradiated,RNA Sequencing (RNA-Seq),"Transcriptomic analysis of spleens from mice subjected to chronic low-dose radiation, hindlimb unloading or a combination of both",https://osdr.nasa.gov/geode-py/ws/studies/OSD-211/download?source=datamanager&file=GLDS-211_rna_seq_differential_expression_GLbulkRNAseq.csv
1,OSD-227,Mus musculus,Ground Study,,Hindlimb Unloading     Tissue,23,4,6,gastrocnemius muscle & control | gastrocnemius muscle & Hindlimb Suspension | soleus muscle & control | soleus muscle & Hindlimb Suspension,DNA microarray,Effect of acute muscle unloading on soleus and gastrocnemius muscle gene expression,https://osdr.nasa.gov/geode-py/ws/studies/OSD-227/download?source=datamanager&file=GLDS-227_array_differential_expression.csv
1,OSD-237,Mus musculus,Ground Study,dorsal skin,Ionizing Radiation     Hindlimb Unloading,21,4,6,Hindlimb Unloaded & cobalt-57 gamma radiation | Hindlimb Unloaded & non-irradiated | Normally Loaded Control & cobalt-57 gamma radiation | Normally Loaded Control & non-irradiated,RNA Sequencing (RNA-Seq),"Transcriptomic analysis of skin from mice subjected to chronic low-dose radiation, hindlimb unloading or a combination of both",https://osdr.nasa.gov/geode-py/ws/studies/OSD-237/download?source=datamanager&file=GLDS-237_rna_seq_differential_expression_GLbulkRNAseq.csv
1,OSD-282,Arabidopsis thaliana,Ground Study,Seedlings,Treatment,11,4,6,control | heat-treated | Anoxia-treated | Heat and anoxia-treated,DNA microarray,The Heat-Inducible Transcription Factor HsfA2 Enhances Anoxia Tolerance in Arabidopsis,https://osdr.nasa.gov/geode-py/ws/studies/OSD-282/download?source=datamanager&file=GLDS-282_array_differential_expression.csv
1,OSD-318,Mus musculus,Ground Study,Trp53 null Mammary Tumor,Ionizing Radiation     Diet,23,4,6,Control diet containing 1% sucrose & cesium-137 gamma radiation | Control diet containing 1% sucrose & sham-irradiated | Control diet containing CAPE & cesium-137 gamma radiation | Control diet containing CAPE & sham-irradiated,RNA Sequencing (RNA-Seq),RNA seq of tumors derived from irradiated versus sham hosts transplanted with Trp53 null mammary tissue and fed either Control diet versus Caffeic Acid Phenethyl Ester (CAPE) diet.,https://osdr.nasa.gov/geode-py/ws/studies/OSD-318/download?source=datamanager&file=GLDS-318_rna_seq_differential_expression_GLbulkRNAseq.csv
1,OSD-367,Homo sapiens,Ground Study,3D Cells,Ionizing Radiation     Radiation Distance,19,4,6,125 - 625 micrometer & sham-irradiated | 625 - 1125 micrometer & sham-irradiated | 125 - 625 micrometer & He-4 ion radiation | 625 - 1125 micrometer & He-4 ion radiation,DNA microarray,Bystander response to 0.5 Gy of alpha-particles in a human 3-dimensional skin model in 16h after exposure to ionizing radiation,https://osdr.nasa.gov/geode-py/ws/studies/OSD-367/download?source=datamanager&file=GLDS-367_array_differential_expression_GLmicroarray.csv
1,OSD-368,Homo sapiens,Ground Study,3D cells,Ionizing Radiation     Time of Sample Collection After Treatment,15,4,6,sham-irradiated & 1 hour | He-4 ion radiation & 1 hour | sham-irradiated & 16 hour | He-4 ion radiation & 16 hour,DNA microarray,"Biological response to low dose of alpha-particles in a human 3-dimensional skin model, in 1 and 16h after exposure to ionizing radiation.",https://osdr.nasa.gov/geode-py/ws/studies/OSD-368/download?source=datamanager&file=GLDS-368_array_differential_expression_GLmicroarray.csv
1,OSD-428,Arabidopsis thaliana,Parabolic Study,,Altered Gravity     Time,12,3,3,"ground control KFT was actuated during the flight & Ground control | actuated immediately after the microgravity exposure & Gravity, Altered | actuated after level flight had been maintained for about a minute and a half after the parabola & Gravity, Altered",DNA microarray,"Profiling the response of Arabidopsis thaliana to altered gravity environments: Exposure of the 14-3-3k:GFP overexpression line on the F-104 Starfighter, second flight",https://osdr.nasa.gov/geode-py/ws/studies/OSD-428/download?source=datamanager&file=GLDS-428_array_differential_expression.csv
1,OSD-434,Arabidopsis thaliana,Parabolic Study,,Altered Gravity     Time,12,3,3,"Ground control & Ground control | Gravity, Altered & first-actuated KFT | Gravity, Altered & last-actuated KFT",DNA microarray,"Arabidopsis thaliana in altered gravity: the 14-3-3k:GFP overexpression line on the F-104 Starfighter, first flight",https://osdr.nasa.gov/geode-py/ws/studies/OSD-434/download?source=datamanager&file=GLDS-434_array_differential_expression.csv
1,OSD-450,Arabidopsis thaliana,Parabolic Study,,Altered Gravity     Time,18,4,6,"Level flight & Roots of seedlings fixed during level flight | Gravity, Altered & Roots of seedlings fixed after the first parabola | Gravity, Altered & Roots of seedlings fixed after the third parabola | Gravity, Altered & Roots of seedlings fixed after the tenth parabola",DNA microarray,"Arabidopsis thaliana in altered gravity: the 14-3-3κ:GFP overexpression line in C-9 parabolic flight, 2013",https://osdr.nasa.gov/geode-py/ws/studies/OSD-450/download?source=datamanager&file=GLDS-450_array_differential_expression.csv
1,OSD-476,Arabidopsis thaliana,Ground Study,aboveground biomass,Treatment,21,4,6,Apollo 11 regolith | Apollo 12 regolith | Apollo 17 regolith | JSC-1A lunar simulant,RNA Sequencing (RNA-Seq)     Image analysis,Plants grown in Apollo lunar regolith present stress-associated transcriptomes that inform prospects for lunar exploration,https://osdr.nasa.gov/geode-py/ws/studies/OSD-476/download?source=datamanager&file=GLDS-476_rna_seq_differential_expression_GLbulkRNAseq.csv
1,OSD-540,Homo sapiens,Ground Study,Vastus Lateralis,Hindlimb Unloading,31,3,3,active recovery (AR) | baseline | unilateral lower limb suspension (ULLS),RNA Sequencing (RNA-Seq),Ten-day human unilateral lower limb suspension and active recovery in young healthy men,https://osdr.nasa.gov/geode-py/ws/studies/OSD-540/download?source=datamanager&file=GLDS-540_rna_seq_differential_expression_GLbulkRNAseq.csv
1,OSD-566,Mus musculus,Ground Study,adrenal gland,Ionizing Radiation     Sex,12,4,6,Female & mixed radiation field | Female & sham-irradiated | Male & mixed radiation field | Male & sham-irradiated,RNA Sequencing (RNA-Seq),Sexual Dimorphism during Integrative Endocrine and Immune Responses to Ionizing Radiation in Mice -- Adrenal data,https://osdr.nasa.gov/geode-py/ws/studies/OSD-566/download?source=datamanager&file=GLDS-567_rna_seq_differential_expression_GLbulkRNAseq.csv
1,OSD-611,Mus musculus,Ground Study,Hippocampus,Ionizing Radiation     Absorbed Radiation Dose,10,3,3,Si-28 ion radiation & 0.3 gray | Si-28 ion radiation & 0.6 gray | sham-irradiated & 0 gray,RNA Sequencing (RNA-Seq)     DIP-seq     DIP-seq,Postsynaptic density radiation signature following space irradiation,https://osdr.nasa.gov/geode-py/ws/studies/OSD-611/download?source=datamanager&file=GLDS-592_rna_seq_differential_expression_GLbulkRNAseq.csv
1,OSD-658,Arabidopsis thaliana,Ground Study,Whole Organism,Ionizing Radiation     Absorbed Radiation Dose,15,3,3,mixed radiation & 40 centigray | mixed radiation & 80 centigray | non-irradiated & Not Applicable,RNA Sequencing (RNA-Seq),Simulated Galactic Cosmic Ray Exposure Activates Dose-Dependent DNA Repair Response and Downregulates Glucosinolate Pathway in Arabidopsis Seedlings,https://osdr.nasa.gov/geode-py/ws/studies/OSD-658/download?source=datamanager&file=GLDS-603_rna_seq_differential_expression_GLbulkRNAseq.csv
1,OSD-684,Homo sapiens,Ground Study,Myoblasts,Spaceflight     Donor Age,12,4,6,21-40 year & Ground Control | 21-40 year & Space Flight | 65-80 year & Ground Control | 65-80 year & Space Flight,RNA Sequencing (RNA-Seq),Human skeletal muscle tissue chip autonomous payload reveals changes in fiber type and metabolic gene expression due to spaceflight,https://osdr.nasa.gov/geode-py/ws/studies/OSD-684/download?source=datamanager&file=GLDS-615_rna_seq_differential_expression_GLbulkRNAseq.csv
1,OSD-689,Homo sapiens,Ground Study,isolated cells,Treatment     Sex     Microgravity Simulation,12,4,6,1G on Earth & None & Male | 1G on Earth & Quercetin & Male | uG by centrifugation & None & Male | uG by centrifugation & Quercetin & Male,RNA Sequencing (RNA-Seq)     single-cell RNA sequencing,Single-cell analysis identifies conserved features of immune dysfunction in simulated microgravity and spaceflight,https://osdr.nasa.gov/geode-py/ws/studies/OSD-689/download?source=datamanager&file=GLDS-621_rna_seq_differential_expression_GLbulkRNAseq.csv
1,OSD-719,Mus musculus,Ground Study,Blood,Sex     Ionizing Radiation,12,4,6,Female & mixed radiation field | Female & sham-irradiated | Male & mixed radiation field | Male & sham-irradiated,RNA Sequencing (RNA-Seq),Sexual Dimorphism during Integrative Endocrine and Immune Responses to Ionizing Radiation in Mice -- Blood data,https://osdr.nasa.gov/geode-py/ws/studies/OSD-719/download?source=datamanager&file=GLDS-641_rna_seq_differential_expression_GLbulkRNAseq.csv
1,OSD-792,Mus musculus,Ground Study,Cells,Ionizing Radiation     Microgravity Simulation,12,4,6,non-irradiated & 1G on Earth | non-irradiated & uG by 3D clinostat | proton & 1G on Earth | proton & uG by 3D clinostat,RNA Sequencing (RNA-Seq),Transcriptomic analysis of embryonic mouse hypothalamic N38 cells exposed to high-energy protons and/or simulated microgravity.,https://osdr.nasa.gov/geode-py/ws/studies/OSD-792/download?source=datamanager&file=GLDS-688_rna_seq_differential_expression_GLbulkRNAseq.csv
0,OSD-22,Arabidopsis thaliana,Ground Study,Plant Roots,soil environment exposure     Time     Genotype,24,5,10,Wild Type & control & 45 minute | Wild Type & magnesium sulfate & 45 minute | Wild Type & magnesium sulfate & 90 minute | Wild Type & magnesium sulfate & 180 minute | cax1-1 & magnesium sulfate & 180 minute,DNA microarray,Root transcriptome remodeling of Arabidopsis in response to high levels of magnesium sulfate,https://osdr.nasa.gov/geode-py/ws/studies/OSD-22/download?source=datamanager&file=GLDS-22_array_differential_expression.csv
0,OSD-27,Drosophila melanogaster,Ground Study,Whole Organism,Duration     Sex     Temperature     Microgravity Simulation,56,0,59,,DNA microarray,Transcription profiling of Drosophila exposed to a levitation magnet for different lengths of time,https://osdr.nasa.gov/geode-py/ws/studies/OSD-27/download?source=datamanager&file=GLDS-27_array_differential_expression_GLmicroarray.csv
0,OSD-34,Drosophila melanogaster,Ground Study,Whole Organism,Age     Sex     Temperature     Altered Gravity     Altered Gravity Simulator,52,0,49,,DNA microarray,Environmental and simulation facility conditions can modulate a behavioral-driven altered gravity response of Drosophila imagoes transcriptome,https://osdr.nasa.gov/geode-py/ws/studies/OSD-34/download?source=datamanager&file=GLDS-34_array_differential_expression_GLmicroarray.csv
0,OSD-46,Arabidopsis thaliana,Ground Study,,Ionizing Radiation     Exposure Duration     Time of Sample Collection After Treatment     Genotype     Age     Absorbed Radiation Dose,47,0,49,,DNA microarray,Gamma radiation and HZE treatment of seedlings in Arabidopsis,https://osdr.nasa.gov/geode-py/ws/studies/OSD-46/download?source=datamanager&file=GLDS-46_array_differential_expression_GLmicroarray.csv
0,OSD-49,Mus musculus,Ground Study,Liver,Sample Preservation Method     Time of Sample Collection After Euthanasia     Sample Storage Time,9,3,3,25 minute & Dry Ice & ~365 day | within 5 minute & Liquid Nitrogen & ~365 day | within 5 minute & Liquid Nitrogen & 3 day,RNA Sequencing (RNA-Seq)     mass spectrometry     Whole Genome Bisulfite Sequencing,Multi-omic investigations of mouse liver subjected to simulated spaceflight freezing and storage protocols,https://osdr.nasa.gov/geode-py/ws/studies/OSD-49/download?source=datamanager&file=GLDS-49_rna_seq_differential_expression_GLbulkRNAseq.csv
0,OSD-70,Drosophila melanogaster,Ground Study,,Altered Gravity     Temperature     O2 Level     Altered Gravity Simulator,92,0,45,,DNA microarray,Environmental and facility conditions promote singular gravity responses of transcriptome during Drosophila metamorphosis,https://osdr.nasa.gov/geode-py/ws/studies/OSD-70/download?source=datamanager&file=GLDS-70_array_differential_expression_GLmicroarray.csv
0,OSD-80,Mus musculus,Ground Study,mammary gland,Ionizing Radiation     Time of Sample Collection After Treatment     Absorbed Radiation Dose,39,12,66,gamma radiation & 1 week & 100 centigray | Si-28 ion radiation & 1 week & 30 centigray | Si-28 ion radiation & 1 week & 10 centigray | sham-irradiated & 1 week & 0 centigray | gamma radiation & 4 week & 100 centigray | Si-28 ion radiation & 4 week & 30 centigray | Si-28 ion radiation & 4 week & 10 centigray | sham-irradiated & 4 week & 0 centigray | gamma radiation & 12 week & 100 centigray | Si-28 ion radiation & 12 week & 30 centigray | Si-28 ion radiation & 12 week & 10 centigray | sham-irradiated & 12 week & 0 centigray,DNA microarray,Response of mammary tissue to high-LET HZE particle (Silicon ions) radiation or low-LET gamma-rays,https://osdr.nasa.gov/geode-py/ws/studies/OSD-80/download?source=datamanager&file=GLDS-80_array_differential_expression_GLmicroarray.csv
0,OSD-92,Homo sapiens,Ground Study,3D Cells,Ionizing Radiation     Time of Sample Collection After Treatment     absorbed radiation dose,30,9,36,proton & 24 hour & 2.5 gray | proton & 24 hour & 10 centigray | non-irradiated & 24 hour & 0 gray | proton & 16 hour & 2.5 gray | proton & 16 hour & 10 centigray | non-irradiated & 16 hour & 0 gray | proton & 4 hour & 2.5 gray | proton & 4 hour & 10 centigray | non-irradiated & 4 hour & 0 gray,DNA microarray,Response of the EPI-200 human 3-D skin model to high and low doses of protons,https://osdr.nasa.gov/geode-py/ws/studies/OSD-92/download?source=datamanager&file=GLDS-92_array_differential_expression_GLmicroarray.csv
0,OSD-93,Mus musculus,Ground Study,Lung,strain     ionizing radiation,111,9,36,C3H/HeNrs & non-irradiated | A/JSlc & non-irradiated | C57BL/6JSlc & non-irradiated | A/JSlc & cesium-137 gamma radiation | A/JSlc & C-12 ion radiation | C57BL/6JSlc & C-12 ion radiation | C57BL/6JSlc & cesium-137 gamma radiation | C3H/HeNrs & cesium-137 gamma radiation | C3H/HeNrs & C-12 ion radiation,DNA microarray,Gene expression profiles of irradiated lung tissue in three mouse strains,https://osdr.nasa.gov/geode-py/ws/studies/OSD-93/download?source=datamanager&file=GLDS-93_array_differential_expression_GLmicroarray.csv
0,OSD-109,Mus musculus,Ground Study,primary left ventricular cell,Time of Sample Collection After Treatment     Ionizing Radiation,17,7,21,Fe-56 ion radiation & 1 day | Fe-56 ion radiation & 3 day | Fe-56 ion radiation & 7 day | Fe-56 ion radiation & 14 day | Fe-56 ion radiation & 28 day | sham-irradiated & 1 day | sham-irradiated & 3 day,DNA microarray,Delayed Cardiomyocyte Response to Total Body Particle Radiation Exposure - Identification of Regulatory Gene Network [iron],https://osdr.nasa.gov/geode-py/ws/studies/OSD-109/download?source=datamanager&file=GLDS-109_array_differential_expression_GLmicroarray.csv
0,OSD-117,Mus musculus,Ground Study,murine left ventricular cardiomyocytes,Ionizing Radiation     Time of Sample Collection After Treatment,17,7,21,proton & 1 day | proton & 3 day | proton & 5 day | proton & 12 day | proton & 26 day | sham-irradiated & 1 day | sham-irradiated & 3 day,DNA microarray,Delayed Cardiomyocyte Response to Total Body Particle Radiation Exposure - Identification of Regulatory Gene Network [proton],https://osdr.nasa.gov/geode-py/ws/studies/OSD-117/download?source=datamanager&file=GLDS-117_array_differential_expression_GLmicroarray.csv
0,OSD-141,Mus musculus,Ground Study,Tissue | Whole Spleen | Cells,Sample Collection Protocol     Library Construction Protocol,5,3,3,Spleen Cells & library construction 1 | Spleen Tissue & library construction 1 | Whole Spleen & library construction 2,RNA Sequencing (RNA-Seq),Validation of Methods to Assess the Immunoglobulin Gene Repertoire in Tissues Obtained from Mice on the International Space Station,https://osdr.nasa.gov/geode-py/ws/studies/OSD-141/download?source=datamanager&file=GLDS-141_rna_seq_differential_expression_GLbulkRNAseq.csv
0,OSD-151,Homo sapiens,Ground Study,3D cells,Ionizing Radiation     Radiation Distance     Absorbed Radiation Dose,33,8,28,non-irradiated & 625-875 micrometer & 0 gray | proton & 125-375 micrometer & 2.5 gray | non-irradiated & 125-375 micrometer & 0 gray | proton & 375-625 micrometer & 2.5 gray | non-irradiated & 375-625 micrometer & 0 gray | proton & 0 micrometer & 2.5 gray | proton & 625-875 micrometer & 0.5 gray | non-irradiated & 0 micrometer & 0 gray,DNA microarray,Bystander response to 2.5 Gy of protons in a human 3-dimensional skin model in 16 h after exposure,https://osdr.nasa.gov/geode-py/ws/studies/OSD-151/download?source=datamanager&file=GLDS-151_array_differential_expression_GLmicroarray.csv
0,OSD-152,Homo sapiens,Ground Study,Peripheral blood cell,Time of Sample Collection After Treatment     Ionizing Radiation     Absorbed Radiation Dose,53,10,45,sham-irradiated & 0 gray & 6 hour | Cesium-137 gamma radiation & 0.5 gray & 6 hour | Cesium-137 gamma radiation & 2 gray & 6 hour | Cesium-137 gamma radiation & 5 gray & 6 hour | Cesium-137 gamma radiation & 8 gray & 6 hour | sham-irradiated & 0 gray & 24 hour | Cesium-137 gamma radiation & 0.5 gray & 24 hour | Cesium-137 gamma radiation & 2 gray & 24 hour | Cesium-137 gamma radiation & 5 gray & 24 hour | Cesium-137 gamma radiation & 8 gray & 24 hour,DNA microarray,Transcription profiling of human peripheral blood to development gene expression signatures for practical radiation biodosimetry,https://osdr.nasa.gov/geode-py/ws/studies/OSD-152/download?source=datamanager&file=GLDS-152_array_differential_expression_GLmicroarray.csv
0,OSD-153,Mus musculus,Ground Study,whole 4th (inguinal) mammary glands,Genotype     Ionizing Radiation     Time of Sample Collection After Treatment,19,6,15,sham-irradiated & Wild Type & 1 week | Cobalt-60 gamma radiation & Wild Type & 1 week | Cobalt-60 gamma radiation & Wild Type & 4 week | sham-irradiated & Tgfb1 heterozygote & 1 week | Cobalt-60 gamma radiation & Tgfb1 heterozygote & 1 week | Cobalt-60 gamma radiation & Tgfb1 heterozygote & 4 week,DNA microarray,Non-targeted effects of low dose ionizing radiation act via TGF-beta to promote mammary carcinogenesis,https://osdr.nasa.gov/geode-py/ws/studies/OSD-153/download?source=datamanager&file=GLDS-153_array_differential_expression_GLmicroarray.csv
0,OSD-154,Homo sapiens,Ground Study,Cells,Absorbed Radiation Dose     Cell Line,32,10,45,GM15036 & 1 centigray | GM15036 & 2.5 centigray | GM15036 & 5 centigray | GM15036 & 7.5 centigray | GM15036 & 10 centigray | GM15510 & 1 centigray | GM15510 & 2.5 centigray | GM15510 & 5 centigray | GM15510 & 7.5 centigray | GM15510 & 10 centigray,DNA microarray,Low dose ionizing radiation treated lymphoblastoid cells,https://osdr.nasa.gov/geode-py/ws/studies/OSD-154/download?source=datamanager&file=GLDS-154_array_differential_expression_GLmicroarray.csv
0,OSD-155,Homo sapiens,Ground Study,Whole Blood,Smoking Status     Absorbed Radiation Dose     Ionizing Radiation,98,8,28,smoker & cesium-137 gamma radiation & 0.5 gray | smoker & cesium-137 gamma radiation & 0.1 gray | smoker & sham-irradiated & 0 gray | non-smoker & cesium-137 gamma radiation & 2 gray | smoker & cesium-137 gamma radiation & 2 gray | non-smoker & sham-irradiated & 0 gray | non-smoker & cesium-137 gamma radiation & 0.1 gray | non-smoker & cesium-137 gamma radiation & 0.5 gray,DNA microarray,Radiation responses in peripheral white blood cells of smokers and non-smokers,https://osdr.nasa.gov/geode-py/ws/studies/OSD-155/download?source=datamanager&file=GLDS-155_array_differential_expression_GLmicroarray.csv
0,OSD-157,Homo sapiens,Ground Study,,Ionizing Radiation     Time of Sample Collection After Treatment     Sex     Absorbed Radiation Dose,54,0,68,,DNA microarray,Gene expression in human peripheral blood 48 hours after exposure to ionizing radiation,https://osdr.nasa.gov/geode-py/ws/studies/OSD-157/download?source=datamanager&file=GLDS-157_array_differential_expression_G4112A_GLmicroarray.csv
0,OSD-178,Homo sapiens,Ground Study,Cells,Ionizing Radiation     Time of Sample Collection After Treatment     Radiation Distance,75,0,65,,DNA microarray,IMR90 radiation bystander time-course experiment 0.5Gy alpha particle,https://osdr.nasa.gov/geode-py/ws/studies/OSD-178/download?source=datamanager&file=GLDS-178_array_differential_expression_GLmicroarray.csv
0,OSD-183,Homo sapiens,Ground Study,,Ionizing Radiation     Genotype     Radiation Distance     Micronucleus Index,53,0,42,,DNA microarray,Radiation-induced bystander effects and gene expression in cells deficient for RAD9,https://osdr.nasa.gov/geode-py/ws/studies/OSD-183/download?source=datamanager&file=GLDS-183_array_differential_expression_GLmicroarray.csv
0,OSD-188,Homo sapiens,High Altitude Study,Cells,Altered Gravity,41,5,10,1G In-flight Control in Reference Centrifuge | In-flight Baseline Control | uG In-flight | Hardware 1G Ground Control | Cell Culture Control,DNA microarray,Dynamic gene expression response to altered gravity in human T cells (sounding rocket flight),https://osdr.nasa.gov/geode-py/ws/studies/OSD-188/download?source=datamanager&file=GLDS-188_array_differential_expression_GLmicroarray.csv
0,OSD-201,Mus musculus,Ground Study,Spleen,Hindlimb unloading     tetanus toxoid     vaccine adjuvant,32,8,28,Hindlimb Loaded Control & not tetanus toxoid injected & CpG injected | Hindlimb Loaded Control & not tetanus toxoid injected & not CpG injected | Hindlimb Loaded Control & tetanus toxoid injected & CpG injected | Hindlimb Loaded Control & tetanus toxoid injected & not CpG injected | Hindlimb Unloaded & not tetanus toxoid injected & CpG injected | Hindlimb Unloaded & not tetanus toxoid injected & not CpG injected | Hindlimb Unloaded & tetanus toxoid injected & CpG injected | Hindlimb Unloaded & tetanus toxoid injected & not CpG injected,RNA Sequencing (RNA-Seq),Impact of Antiorthostatic Suspension on Mouse response to Tetanus Toxoid and CpG,https://osdr.nasa.gov/geode-py/ws/studies/OSD-201/download?source=datamanager&file=GLDS-201_rna_seq_differential_expression_GLbulkRNAseq.csv
0,OSD-202,Mus musculus,Ground Study,brain,Ionizing Radiation     Hindlimb Unloading     Time of Sample Collection After Treatment,40,8,28,cobalt-57 gamma radiation & Hindlimb Unloaded & 1 month | cobalt-57 gamma radiation & Hindlimb Unloaded & 4 month | cobalt-57 gamma radiation & Normally Loaded Control & 1 month | cobalt-57 gamma radiation & Normally Loaded Control & 4 month | non-irradiated & Hindlimb Unloaded & 1 month | non-irradiated & Hindlimb Unloaded & 4 month | non-irradiated & Normally Loaded Control & 1 month | non-irradiated & Normally Loaded Control & 4 month,RNA Sequencing (RNA-Seq)     DNA microarray     Reduced-Representation Bisulfite Sequencing,Low dose (0.04 Gy) irradiation (LDR) and hindlimb unloading (HLU) microgravity in mice: brain transcriptomic and epigenomic data,https://osdr.nasa.gov/geode-py/ws/studies/OSD-202/download?source=datamanager&file=GLDS-202_rna_seq_differential_expression_GLbulkRNAseq.csv
0,OSD-203,Mus musculus,Ground Study,Retina,Ionizing Radiation     Hindlimb Unloading     Time of Sample Collection After Treatment,59,0,66,,RNA Sequencing (RNA-Seq)     Reduced-Representation Bisulfite Sequencing,Low dose (0.04 Gy) irradiation (LDR) and hindlimb unloading (HLU) microgravity in mice: retina transcriptomic and epigenomic data,https://osdr.nasa.gov/geode-py/ws/studies/OSD-203/download?source=datamanager&file=GLDS-203_rna_seq_differential_expression_GLbulkRNAseq.csv
0,OSD-214,Mus musculus,Ground Study,Bone Marrow,Hindlimb Unloading     Tetanus Toxoid     Vaccine Adjuvant,24,8,28,Hindlimb Loaded & not tetanus toxoid injected & CpG injected | Hindlimb Loaded & not tetanus toxoid injected & not CpG injected | Hindlimb Loaded & tetanus toxoid injected & CpG injected | Hindlimb Loaded & tetanus toxoid injected & not CpG injected | Hindlimb Unloaded & not tetanus toxoid injected & CpG injected | Hindlimb Unloaded & not tetanus toxoid injected & not CpG injected | Hindlimb Unloaded & tetanus toxoid injected & CpG injected | Hindlimb Unloaded & tetanus toxoid injected & not CpG injected,RNA Sequencing (RNA-Seq),Impact of Antiorthostatic Suspension on Mouse response to Tetanus Toxoid and CpG: bone marrow transcriptomic data,https://osdr.nasa.gov/geode-py/ws/studies/OSD-214/download?source=datamanager&file=GLDS-214_rna_seq_differential_expression_GLbulkRNAseq.csv
0,OSD-235,Mus musculus,Ground Study,Left Lobe of the Liver,Euthanasia Method     Tissue Preservation Method     Carcass Preservation Method     Dissection Condition     Tissue Homogenate Preservation Time at -80C in RLT Buffer,74,0,58,,RNA Sequencing (RNA-Seq),"Transcriptomic analysis of liver from mice subjected to simulated spaceflight euthanasia, freezing, and tissue preservation protocols",https://osdr.nasa.gov/geode-py/ws/studies/OSD-235/download?source=datamanager&file=GLDS-235_rna_seq_differential_expression_GLbulkRNAseq.csv
0,OSD-272,Mus musculus,Ground Study,Spleen,Dissection Condition     Preservation Method     Order of Preservation,58,0,46,,RNA Sequencing (RNA-Seq),Transcriptional analysis of spleens from mice preserved with the Rapid Freeze hardware,https://osdr.nasa.gov/geode-py/ws/studies/OSD-272/download?source=datamanager&file=GLDS-272_rna_seq_differential_expression_GLbulkRNAseq.csv
0,OSD-273,Mus musculus,Ground Study,Liver,Dissection Condition     Preservation Method     Order of Preservation,62,0,46,,RNA Sequencing (RNA-Seq),Transcriptional analysis of livers from mice preserved with the Rapid Freeze hardware,https://osdr.nasa.gov/geode-py/ws/studies/OSD-273/download?source=datamanager&file=GLDS-273_rna_seq_differential_expression_GLbulkRNAseq.csv
0,OSD-274,Mus musculus,Ground Study,Soleus,Dissection Condition     Preservation Method     Order of Preservation,41,10,45,Immediate & Glovebox Freezer & First set of animals processed in a day of operations | Immediate & Glovebox Freezer & Second set of animals processed in a day of operations | Immediate & Glovebox Freezer & Third set of animals processed in a day of operations | Immediate & Liquid Nitrogen & Liquid Nitrogen Control Set | Whole Carcass & Cryochiller & First set of animals processed in a day of operations | Whole Carcass & Cryochiller & Fourth set of animals processed in a day of operations | Whole Carcass & Cryochiller & Second set of animals processed in a day of operations | Whole Carcass & Cryochiller & Third set of animals processed in a day of operations | Whole Carcass & Dry Ice & Dry Ice Control Set | Whole Carcass & Liquid Nitrogen & Liquid Nitrogen Control Set,RNA Sequencing (RNA-Seq),Transcriptional analysis of soleus from mice preserved with the Rapid Freeze hardware,https://osdr.nasa.gov/geode-py/ws/studies/OSD-274/download?source=datamanager&file=GLDS-274_rna_seq_differential_expression_GLbulkRNAseq.csv
0,OSD-294,Mus musculus,Ground Study,Left Lobe of the Liver,Ionizing Radiation     Time of Sample Collection After Treatment,30,10,45,Fe-56 ion radiation & 1 month | Fe-56 ion radiation & 12 month | Fe-56 ion radiation & 2 month | Fe-56 ion radiation & 4 month | Fe-56 ion radiation & 9 month | non-irradiated & 1 month | non-irradiated & 12 month | non-irradiated & 2 month | non-irradiated & 4 month | non-irradiated & 9 month,RNA Sequencing (RNA-Seq),Efficient Identification of Multiple Pathways: RNA-Seq Analysis of Livers from 56Fe Ion Irradiated Mice,https://osdr.nasa.gov/geode-py/ws/studies/OSD-294/download?source=datamanager&file=GLDS-294_rna_seq_differential_expression_GLbulkRNAseq.csv
0,OSD-295,Mus musculus,Ground Study,Soleus,Hindlimb Unloading     Age     Hindlimb Reloading Duration,36,6,15,22-24 month & Hindlimb Unloaded & 3 day | 22-24 month & Hindlimb Unloaded & Not Applicable | 22-24 month & Normally Loaded Control & Not Applicable | 6 month & Hindlimb Unloaded & 3 day | 6 month & Hindlimb Unloaded & Not Applicable | 6 month & Normally Loaded Control & Not Applicable,RNA Sequencing (RNA-Seq),RNA-Seq transcriptome profiling of soleus from adult and aged mice following disuse muscle atrophy and recovery,https://osdr.nasa.gov/geode-py/ws/studies/OSD-295/download?source=datamanager&file=GLDS-295_rna_seq_differential_expression_GLbulkRNAseq.csv
0,OSD-296,Arabidopsis thaliana,Ground Study,,Genotype     Treatment     Light     Time,39,0,55,,DNA microarray,Transcription profiling of Arabidopsis seedings exposed to UV-B irradiation,https://osdr.nasa.gov/geode-py/ws/studies/OSD-296/download?source=datamanager&file=GLDS-296_array_differential_expression.csv
0,OSD-304,Mus musculus,Ground Study,Blood,Ionizing Radiation     Absorbed Radiation Dose     Genotype,27,5,10,Wild Type & Cesium-137 Gamma Radiation & 6 gray | Wild Type & Cesium-137 Gamma Radiation & 8.8 gray | Parp1-/- & Cesium-137 Gamma Radiation & 6 gray | Wild Type & sham-irradiated & 0 gray | Parp1-/- & sham-irradiated & 0 gray,DNA microarray,Global gene expression in response to X rays in mice deficient in Parp1,https://osdr.nasa.gov/geode-py/ws/studies/OSD-304/download?source=datamanager&file=GLDS-304_array_differential_expression_GLmicroarray.csv
0,OSD-313,Arabidopsis thaliana,Ground Study,,Genotype     Treatment,19,6,15,Nuc1-2 Mutant & 48 hours of dark | Nuc1-2 Mutant & 48 hours of red light | Nuc2-2 Mutant & 48 hours of dark | Nuc2-2 Mutant & 48 hours of red light | Wild Type & 48 hours of dark | Wild Type & 48 hours of red light,RNA Sequencing (RNA-Seq),Dissecting transcriptional responses of nucleolin mutants to red light stimulation and darkness in ground reference conditions,https://osdr.nasa.gov/geode-py/ws/studies/OSD-313/download?source=datamanager&file=GLDS-313_rna_seq_differential_expression_GLbulkRNAseq.csv
0,OSD-320,Arabidopsis thaliana,Ground Study,Seedlings,Genotype     Time of sample collection after treatment     Ionizing Radiation,47,0,79,,DNA microarray,Gamma radiation and HZE treatment of seedlings in Arabidopsis,https://osdr.nasa.gov/geode-py/ws/studies/OSD-320/download?source=datamanager&file=GLDS-320_array_differential_expression_GLmicroarray.csv
0,OSD-322,Mus musculus,Ground Study,Left lobe of liver,Ionizing Radiation     Time of Sample Collection After Treatment,60,0,113,,RNA Sequencing (RNA-Seq),"Comparative RNA-Seq transcriptome analyses reveal dynamic time dependent effects of 56Fe, 16O, and 28Si irradiation on the induction of murine hepatocellular carcinoma",https://osdr.nasa.gov/geode-py/ws/studies/OSD-322/download?source=datamanager&file=GLDS-322_rna_seq_differential_expression_GLbulkRNAseq.csv
0,OSD-370,Homo sapiens,Ground Study,Vastus Lateralis,Bed Rest     Time     Treatment,63,5,10,Before Bed Rest & 2 to 4 weeks before Bed Rest & baseline | Before Bed Rest & 2 to 4 weeks before Bed Rest & insulin-stimulated | During Bed Rest & 9 days into Bed Rest & baseline | During Bed Rest & 9 days into Bed Rest & insulin-stimulated | After Bed Rest and Retraining & 4 weeks after Bed Rest stop & baseline,DNA microarray,Insulin resistance induced by physical inactivity is associated with multiple transcriptional changes in skeletal muscle in young men,https://osdr.nasa.gov/geode-py/ws/studies/OSD-370/download?source=datamanager&file=GLDS-370_array_differential_expression_GLmicroarray.csv
0,OSD-406,Arabidopsis thaliana,Parabolic Flight Study,root,Spacecraft     Altered Gravity     Ecotype     Genotype,25,8,28,Col-0 & Wild Type & Ground Control & Virgin Galactic SpaceShipTwo | Col-0 & Wild Type & Suborbital Flight & Virgin Galactic SpaceShipTwo | Wassilewskija ecotype & Wild Type & Ground Control & Blue Origin New Shepard | Wassilewskija ecotype & Wild Type & Ground Control & Virgin Galactic SpaceShipTwo | Wassilewskija ecotype & Wild Type & Suborbital Flight & Blue Origin New Shepard | Wassilewskija ecotype & Wild Type & Suborbital Flight & Virgin Galactic SpaceShipTwo | Wassilewskija ecotype & sku5 & Ground Control & Blue Origin New Shepard | Wassilewskija ecotype & sku5 & Suborbital Flight & Blue Origin New Shepard,RNA Sequencing (RNA-Seq),Transcriptomic responses of Arabidopsis thaliana lines WS and sku5 to the Blue Origin NS-12 and Virgin Galactic VP-03 suborbital flights,https://osdr.nasa.gov/geode-py/ws/studies/OSD-406/download?source=datamanager&file=GLDS-406_rna_seq_differential_expression_GLbulkRNAseq.csv
0,OSD-455,Mus musculus,Ground Study,Whole Blood,Time of Sample Collection after Treatment     Absorbed Radiation Dose     Ionizing Radiation,251,0,76,,DNA microarray,Transcriptomic responses in mouse blood during the first week after in vivo gamma irradiation.,https://osdr.nasa.gov/geode-py/ws/studies/OSD-455/download?source=datamanager&file=GLDS-455_array_differential_expression_GLmicroarray.csv
0,OSD-498,Arabidopsis thaliana,Ground Study,Seedlings,Time of Sample Collection after Treatment     Ionizing Radiation,17,8,28,10 minute & Cobalt-60 gamma radiation | 10 minute & non-irradiated | 1440 minute & Cobalt-60 gamma radiation | 1440 minute & non-irradiated | 20 minute & Cobalt-60 gamma radiation | 20 minute & non-irradiated | 90 minute & Cobalt-60 gamma radiation | 90 minute & non-irradiated,RNA Sequencing (RNA-Seq),The SOG1 transcriptional activator and the MYB3R family of repressors control a complex gene network in response to DNA damage in Arabidopsis [RNA-seq gIR vs mock wt],https://osdr.nasa.gov/geode-py/ws/studies/OSD-498/download?source=datamanager&file=GLDS-498_rna_seq_differential_expression_GLbulkRNAseq.csv
0,OSD-502,Arabidopsis thaliana,Ground Study,Seedlings,Genotype     Ionizing Radiation,9,4,6,Wild Type & Cobalt-60 gamma radiation | Wild Type & non-irradiated | myb3r135 & Cobalt-60 gamma radiation | myb3r135 & non-irradiated,RNA Sequencing (RNA-Seq),The SOG1 transcriptional activator and the MYB3R family of repressors control a complex gene network in response to DNA damage in Arabidopsis [RNA-seq myb3r135 vs wt],https://osdr.nasa.gov/geode-py/ws/studies/OSD-502/download?source=datamanager&file=GLDS-502_rna_seq_differential_expression_GLbulkRNAseq.csv
0,OSD-508,Arabidopsis thaliana,Ground Study,Seedlings,Ionizing Radiation     Time of Sample Collection After Treatment     Genotype,37,0,73,,RNA Sequencing (RNA-Seq),The SOG1 transcriptional activator and the MYB3R family of repressors control a complex gene network in response to DNA damage in Arabidopsis [RNA-seq t vs t0],https://osdr.nasa.gov/geode-py/ws/studies/OSD-508/download?source=datamanager&file=GLDS-508_rna_seq_differential_expression_GLbulkRNAseq.csv
0,OSD-510,Arabidopsis thaliana,Ground Study,Seedlings,Ionizing Radiation     Time of Sample Collection After Treatment     Genotype,49,0,73,,RNA Sequencing (RNA-Seq),The SOG1 transcriptional activator and the MYB3R family of repressors control a complex gene network in response to DNA damage in Arabidopsis [RNA-seq DREMmodel],https://osdr.nasa.gov/geode-py/ws/studies/OSD-510/download?source=datamanager&file=GLDS-510_rna_seq_differential_expression_GLbulkRNAseq.csv
0,OSD-518,Arabidopsis thaliana,Ground Study,,Genotype     Treatment,22,6,15,Wild Type & 45 minutes after 90 degree gravistimulation | Wild Type & not gravistimulated | lazy1 mutant & 45 minutes after 90 degree gravistimulation | lazy1 mutant & not gravistimulated | tac1 mutant & 45 minutes after 90 degree gravistimulation | tac1 mutant & not gravistimulated,RNA Sequencing (RNA-Seq),Opposing influences of TAC1 and LAZY1 on Lateral Shoot Orientation in Arabidopsis,https://osdr.nasa.gov/geode-py/ws/studies/OSD-518/download?source=datamanager&file=GLDS-518_rna_seq_differential_expression_GLbulkRNAseq.csv
0,OSD-519,Arabidopsis thaliana,Ground Study,,Genotype     Organism Part     Treatment     Time,38,0,42,,RNA Sequencing (RNA-Seq),PUCHI represses early meristem formation in developing lateral roots of Arabidopsis thaliana,https://osdr.nasa.gov/geode-py/ws/studies/OSD-519/download?source=datamanager&file=GLDS-519_rna_seq_differential_expression.csv
0,OSD-539,Homo sapiens,High Altitude Study,human engineered cartilage,Sex     Treatment,18,6,15,Female & Ground Control | Female & Lab Control | Female & Parabolic Flight | Male & Ground Control | Male & Lab Control | Male & Parabolic Flight,RNA Sequencing (RNA-Seq),Transcriptomic response of bioengineered human cartilage to parabolic flight microgravity is sex-dependent,https://osdr.nasa.gov/geode-py/ws/studies/OSD-539/download?source=datamanager&file=GLDS-539_rna_seq_differential_expression_GLbulkRNAseq.csv
0,OSD-565,Arabidopsis thaliana,Ground Study,,Treatment     Organism Part     Microgravity Simulation,47,11,55,Plant Leaves & Treatment 1 & Not Applicable | Plant Leaves & Treatment 2 & Not Applicable | Plant Leaves & Treatment 3 & Not Applicable | Plant Leaves & Treatment 4 & Not Applicable | Plant Leaves & Treatment 5 & Clinorotated for 4 minutes | Plant Roots & Treatment 1 & Not Applicable | Plant Roots & Treatment 2 & Not Applicable | Plant Roots & Treatment 3 & Not Applicable | Plant Roots & Treatment 4 & Not Applicable | Plant Roots & Treatment 5 & Clinorotated for 4 minutes | Plant Roots & Treatment 6 & Not Applicable,RNA Sequencing (RNA-Seq),Utilizing the KSC Fixation Tube to Conduct Human-Tended Plant Biology Experiments on a Suborbital Spaceflight,https://osdr.nasa.gov/geode-py/ws/studies/OSD-565/download?source=datamanager&file=GLDS-558_rna_seq_differential_expression.csv
0,OSD-720,Mus musculus,Ground Study,Left ventricle,Ionizing Radiation     Sex     Time of Sample Collection After Treatment,60,12,66,Female & cesium-137 gamma radiation & 440 day | Female & cesium-137 gamma radiation & 550 day | Female & mixed radiation & 440 day | Female & mixed radiation & 550 day | Female & sham-irradiated & 440 day | Female & sham-irradiated & 550 day | Male & cesium-137 gamma radiation & 440 day | Male & cesium-137 gamma radiation & 660 day | Male & mixed radiation & 440 day | Male & mixed radiation & 660 day | Male & sham-irradiated & 440 day | Male & sham-irradiated & 660 day,RNA Sequencing (RNA-Seq),Long-lasting sex-specific alteration in left ventricular cardiac transcriptome following gamma and simGCRsim radiation,https://osdr.nasa.gov/geode-py/ws/studies/OSD-720/download?source=datamanager&file=GLDS-699_rna_seq_differential_expression_GLbulkRNAseq.csv
0,OSD-782,Arabidopsis thaliana,Ground Study,,Ionizing Radiation     Absorbed Radiation Dose     Time of Sample Collection After Treatment,37,12,66,cesium-137 gamma radiation & 10 centigray & 1 hour | cesium-137 gamma radiation & 10 centigray & 24 hour | cesium-137 gamma radiation & 10 centigray & 3 hour | cesium-137 gamma radiation & 10 centigray & 72 hour | cesium-137 gamma radiation & 100 centigray & 1 hour | cesium-137 gamma radiation & 100 centigray & 24 hour | cesium-137 gamma radiation & 100 centigray & 3 hour | cesium-137 gamma radiation & 100 centigray & 72 hour | non-irradiated & 0 centigray & 1 hour | non-irradiated & 0 centigray & 24 hour | non-irradiated & 0 centigray & 3 hour | non-irradiated & 0 centigray & 72 hour,RNA Sequencing (RNA-Seq),Multi-omics profiling reveals ethylene signalling as a key pathway underlying both genetic and epigenetic responses to low-dose ionizing radiation in Arabidopsis,https://osdr.nasa.gov/geode-py/ws/studies/OSD-782/download?source=datamanager&file=GLDS-679_rna_seq_differential_expression_GLbulkRNAseq.csv
0,OSD-787,Homo sapiens,Ground Study,Vastus Lateralis,Sex     Disease State,8,4,6,Female & Normal | Female & Sarcopenia | Male & Normal | Male & Sarcopenia,RNA Sequencing (RNA-Seq),Skeletal muscle-on-a-chip in microgravity as a platform for regeneration modeling and drug screening - vastus lateralis data,https://osdr.nasa.gov/geode-py/ws/studies/OSD-787/download?source=datamanager&file=GLDS-682_rna_seq_differential_expression_GLbulkRNAseq.csv
0,OSD-825,Mus musculus,Ground Study,Left ventricle,Sex     Diet     Age,40,8,28,Female & 530 day & Normal Diet | Female & 530 day & Western Diet | Female & 640 day & Normal Diet | Female & 640 day & Western Diet | Male & 530 day & Normal Diet | Male & 530 day & Western Diet | Male & 750 day & Normal Diet | Male & 750 day & Western Diet,RNA Sequencing (RNA-Seq),Evaluating sex-specific responses to western diet across the lifespan: impact on cardiac function and transcriptomic signatures in C57BL/6J mice at 530 and 640/750 days of age,https://osdr.nasa.gov/geode-py/ws/studies/OSD-825/download?source=datamanager&file=GLDS-701_rna_seq_differential_expression_GLbulkRNAseq.csv
0,OSD-876,Mus musculus,Ground Study,Gastrocnemius,Hindlimb Unloading,9,3,3,Hindlimb Unloaded | Hindlimb Unloaded and Reloaded | Normally Loaded Control,RNA Sequencing (RNA-Seq),Zfp697 is an RNA-binding protein that regulates skeletal muscle inflammation and remodeling,https://osdr.nasa.gov/geode-py/ws/studies/OSD-876/download?source=datamanager&file=GLDS-722_rna_seq_differential_expression_GLbulkRNAseq.csv
0,OSD-880,Mus musculus,Ground Study,Gastrocnemius,Hindlimb Unloading     Genotype,18,6,15,Control & Hindlimb Unloaded | Control & Hindlimb Unloaded and Reloaded | Control & Normally Loaded Control | Zfp697 mKO & Hindlimb Unloaded | Zfp697 mKO & Hindlimb Unloaded and Reloaded | Zfp697 mKO & Normally Loaded Control,RNA Sequencing (RNA-Seq),Zfp697 is an RNA-binding protein that regulates skeletal muscle inflammation and remodeling - Zfp697 skeletal muscle knockout RNA-Seq of unloading-reloading protocol,https://osdr.nasa.gov/geode-py/ws/studies/OSD-880/download?source=datamanager&file=GLDS-724_rna_seq_differential_expression_GLbulkRNAseq.csv
0,OSD-881,Mus musculus,Ground Study,Right ventricle,Sex     Ionizing Radiation     Diet     Age at Sample Collection,76,0,69,,RNA Sequencing (RNA-Seq),Life long effects of radiation and high fat diet on the mouse right ventricular tissue,https://osdr.nasa.gov/geode-py/ws/studies/OSD-881/download?source=datamanager&file=GLDS-725_rna_seq_differential_expression_GLbulkRNAseq.csv
0,OSD-949,Mus musculus,Ground Study,Soleus,Genotype     Hindlimb Unloading     Sex,30,8,28,AMPKalpha mKO & Female & Hindlimb Unloaded | AMPKalpha mKO & Female & Normally Loaded Control | AMPKalpha mKO & Male & Hindlimb Unloaded | AMPKalpha mKO & Male & Normally Loaded Control | Control & Female & Hindlimb Unloaded | Control & Female & Normally Loaded Control | Control & Male & Hindlimb Unloaded | Control & Male & Normally Loaded Control,RNA Sequencing (RNA-Seq),"Skeletal muscle-specific inducible AMPKa1/a2 knockout mice develop muscle weakness, glycogen depletion, and fibrosis that persists during disuse atrophy.",https://osdr.nasa.gov/geode-py/ws/studies/OSD-949/download?source=datamanager&file=GLDS-774_rna_seq_differential_expression_GLbulkRNAseq.csv
0,OSD-955,Mus musculus,Ground Study,Soleus,Minimized Mechanical Stress     Duration,13,5,10,Control & 14 day | Control & 3 day | Minimized mechanical stress & 1 day | Minimized mechanical stress & 14 day | Minimized mechanical stress & 3 day,RNA Sequencing (RNA-Seq)     Ribo-seq (Ribosome profiling),Gravitational and mechanical forces drive mitochondrial translation - mouse datasets,https://osdr.nasa.gov/geode-py/ws/studies/OSD-955/download?source=datamanager&file=GLDS-778_rna_seq_differential_expression_GLbulkRNAseq.csv
0,OSD-993,Homo sapiens,Ground Study,"Cells, Cultured",Ionizing Radiation     Treatment Group,21,7,21,Fe-56 ion radiation & charged particle irradiation group | Si-28 ion radiation & charged particle irradiation group | cesium-137 gamma radiation & gamma irradiation group | non-irradiated & charged particle irradiation group | non-irradiated & gamma irradiation group | non-irradiated & low passage and non-shipped group | proton & charged particle irradiation group,RNA Sequencing (RNA-Seq),Space radiation induces distinct senescent phenotypes: Implications for space travel [bulk RNA-Seq],https://osdr.nasa.gov/geode-py/ws/studies/OSD-993/download?source=datamanager&file=GLDS-805_rna_seq_differential_expression_GLbulkRNAseq.csv
